-27.123686,-21.368177,-18.032116,538148022946435
-26.97787655399784,-21.005884110227417,-18.279640070948815,538148042943050
-26.101220402154386,-22.2643681334895,-18.218394169947963,538148082836333
-26.41871461603619,-22.153533150029304,-18.541798021003636,538148122615307
-26.862074296638884,-20.327242754674998,-19.47707650764917,538148142512398
-26.661910316245503,-20.95030988651568,-19.844242393360336,538148182513744
-26.977446830553237,-20.68063227886889,-19.945955212783772,538148222514598
-27.611700503207917,-20.290081617238663,-19.386473663304372,538148262515429
-26.54371227228238,-21.020395870734003,-19.433654585353004,538148282512039
-26.911732534635373,-20.37102516657911,-19.740009920499205,538148322512909
-27.035852050258526,-20.569853660007972,-19.797590166603904,538148362513774
-26.030188161661485,-21.493697189287083,-20.91638805306393,538148382510379
-25.392212475693256,-23.079801031402237,-20.874826711570076,538148422518839
-25.735442185114326,-22.68327552487017,-20.951650810611373,538148462527340
-25.25859573214666,-22.541616924680696,-21.372775337829534,538148502520589
-25.283495563651737,-23.165267989966384,-20.774259265967196,538148522517204
-24.557464212115413,-23.392215894823618,-21.871850580869346,538148562510458
-25.57290506589781,-22.515543945673837,-20.845836426938536,538148602511303
-25.30584213083134,-22.419686760371775,-21.276555384659712,538148622515534
-25.298051981735895,-22.529938253679234,-21.286789677512566,538148662516414
-25.468128120070848,-22.03460875601587,-20.877747801053967,538148702517258
-25.61685500044483,-22.359796401565212,-21.133754550526234,538148742518099
-25.03116854269313,-22.545196334859696,-20.9434494521329,538148762514695
-25.74940876438799,-22.53292725851863,-20.845324804648747,538148802515570
-26.019832162897327,-21.575112950766975,-20.843073987913968,538148842508785
-25.24714597725047,-22.3905311684044,-20.849100789569412,538148862513030
-24.93264985515998,-23.70888475006055,-21.260867836385515,538148902513872
-25.664554573561183,-22.03745354204217,-20.714668297145803,538148942514727
-25.672712731552817,-21.975379530030057,-21.22283149966042,538148982515573
-25.618593999340828,-22.87851063209442,-20.85814254168607,538149002512192
-25.17363802866621,-22.45647903034372,-20.90399026589532,538149042513061
-25.796720627553714,-21.76040950033953,-21.184153539613188,538149082513935
-24.890279427178694,-23.296887674263527,-21.733995118607258,538149102510580
-25.60579553326677,-22.26766401837488,-20.86401112138646,538149142519070
-25.365786324096202,-22.348098879732188,-21.04452689634101,538149182519916
-25.283815722276945,-22.600618436379733,-21.190036703768268,538149222513136
-24.865783407347234,-22.750924354511305,-21.42801968857473,538149242517386
-25.898310078853473,-21.39807022334435,-20.726564307981977,538149282510625
-24.659494242837244,-23.282969961393654,-21.505387582207867,538149322511461
-25.276879128035095,-22.637088639915877,-21.060770486794716,538149342508047
-25.575347864326,-22.955297868701514,-20.815128455182265,538149382508935
-25.000929044435203,-22.795380394160382,-21.180941068874457,538149422517440
-25.213984490429866,-23.34777931253281,-20.673138896834374,538149462518305
-26.398721482570583,-21.698860173923613,-20.132479927524855,538149482514929
-26.016242854731164,-21.58973317774303,-20.264911414223032,538149522515790
-25.539104485128448,-22.42930742084633,-20.372361853286815,538149562509029
-25.55215608158621,-22.752547249817354,-20.870972797247862,538149602509862
-26.215051126449836,-21.769029578195795,-20.147528671055408,538149622514101
-25.29216054914558,-22.256982903281536,-21.154018189880627,538149662514903
-26.286562214442522,-21.839086554023254,-19.651201118520657,538149702515763
-25.73270524641731,-21.7490933870863,-20.71019420726117,538149722512378
-25.814614563495468,-21.211628647877063,-20.181129071670817,538149762513218
-25.725036989874997,-22.968527223490465,-20.370985571932682,538149802514097
-25.922089390500552,-21.791777072221354,-20.363767451246414,538149842514939
-25.27444298165646,-22.789896971672785,-21.116542449796704,538149862519231
-26.453938895084914,-22.13127775384335,-20.101975044568476,538149902520072
-26.18691610867061,-22.231609070268302,-20.60301126360747,538149942513260
-26.131793286015213,-22.04527950059496,-20.249210965577166,538149962517490
-26.00683208932988,-22.479781094707697,-20.759903398887936,538150002510715
-25.604494473860647,-22.27454415621131,-20.505819592802915,538150042511550
-25.870253950638823,-22.12199927640251,-20.435462000927767,538150082512415
-25.99209319779244,-21.53687454375578,-20.837764141507492,538150102509030
-25.357639091974747,-22.646032175613183,-20.561746040797733,538150142517578
-26.1109326948285,-21.66055197285827,-20.16510468881226,538150182518457
-26.208698567614725,-21.281365536167716,-21.208608006314627,538150202515091
-25.594143133815045,-22.234101475659,-20.58300655206207,538150242515956
-25.951650768887667,-22.360993023603218,-20.355435094075297,538150282509200
-25.744820649779808,-21.684248613606556,-21.313587397383554,538150322510040
-25.05273009050618,-22.568004684779005,-21.038554274171137,538150342514281
-25.42135045149349,-22.328356944661294,-20.247388082268657,538150382515096
-25.893274416046467,-21.637671153079747,-20.45383952798828,538150422515972
-25.641417480729032,-22.253448823675903,-21.080608654320674,538150442512610
-24.793016905771914,-23.283365840003828,-20.967113705183024,538150482513504
-25.76738682423625,-21.750195825726063,-20.684125042784924,538150522514350
-25.661241987577917,-21.864936786647394,-20.489758980048034,538150562515182
-25.560032020915312,-22.045915728028532,-20.6360015131058,538150582519446
-26.601907155790574,-21.904852806693388,-19.885381811565605,538150622520243
-25.68015554737182,-21.67119442597709,-20.849022591523585,538150662513453
-25.65801323530924,-21.86785197263443,-20.863629581460632,538150682517679
-25.706553327698664,-21.574850865027997,-20.710375212019446,538150722510895
-25.803912077705398,-22.09720855265245,-21.018646184526016,538150762511731
-25.595360670737183,-22.10084704231501,-20.880457006852,538150802512596
-25.143076995443543,-22.648998076974472,-21.389498520116582,538150822509250
-25.07464986828633,-22.85495841769013,-21.542737544864107,538150862517755
-25.32186827868465,-21.683126496351626,-21.17075922389696,538150902518615
-24.576718060031347,-22.634472711080644,-21.747939872999158,538150942511835
-25.3860883594029,-22.369537566012035,-21.10836826745889,538150962516089
-25.552032800233555,-21.91604652125885,-21.38920854403215,538151002509324
-25.42352876609674,-22.704835660118743,-20.8617992327847,538151042510164
-25.216327508357416,-22.41308424307049,-21.403207981948036,538151062514414
-26.481330369116495,-21.50237710492341,-19.97821820544326,538151102515250
-25.11565087689376,-21.944242811959487,-21.785156974645727,538151142516120
-25.648576588266756,-21.443724086554674,-20.864096780043656,538151182516956
-25.601484228590653,-21.58462743483242,-21.169232056142675,538151202513571
-26.144876818009237,-21.654813155355,-19.986781511930957,538151242514446
-24.93500719778829,-22.26261076787182,-21.207769026062014,538151282515300
-25.80019854747154,-21.608341942461426,-20.775518697737674,538151302519526
-26.041474075985416,-21.546357015400925,-20.996842529078474,538151342520405
-25.52586600375286,-21.71532551176867,-20.95265722367169,538151382513625
-25.643242133017964,-22.416286341076134,-20.84035822126636,538151422514514
-26.10668129539449,-22.13351905624871,-20.703071757473143,538151442511124
-25.74398804214699,-22.15731042970675,-20.68753627681109,538151482511975
-25.47071800344391,-21.65103306292163,-20.817226460312625,538151522520469
-26.206867296777848,-21.34215230705364,-20.642194844591028,538151542517084
-26.155066172603917,-21.66110440865083,-20.467083171199622,538151582517939
-25.37330283095551,-21.96088307303508,-21.103486579244876,538151622518732
-26.204253721790256,-21.434514329176604,-19.83333330582881,538151662511957
-25.345615736670243,-22.535262394822908,-20.934190313260014,538151682516240
-25.003436331605606,-22.316298389466198,-21.04474213661531,538151722509456
-24.319845320150897,-23.780081998418776,-22.12113483554644,538151762510273
-26.558133189473192,-21.544258156563167,-19.60130463970817,538151782514518
-24.74737903047127,-22.84999213209231,-21.423594818740337,538151822515368
-24.362822341056418,-23.678760811591946,-21.777743295934684,538151862516243
-26.019149330440325,-21.60832290094647,-19.563852479353205,538151902517030
-26.16843583084824,-21.56214477504329,-20.084155200776763,538151922513655
-25.200036451487076,-23.375177851778087,-21.438857096028382,538151962514524
-26.372363120935354,-21.411030644993858,-19.33316607699285,538152002515403
-26.1500325197888,-20.78059654550176,-21.067435390450935,538152022519638
-24.8438343665144,-22.3401751528187,-20.857033152965478,538152062520522
-25.065200409267874,-22.45627492214977,-21.05620608501828,538152102513786
-25.538196921381665,-22.042475454370173,-20.88805633836722,538152142514612
-25.32858152376079,-21.786090143205108,-20.657325882137652,538152162511227
-25.447111518280636,-21.905790993782194,-21.429355304079106,538152202512087
-25.406425475386904,-22.52333488410106,-20.562219155227066,538152242512962
-25.375515873878914,-21.376070942622757,-20.858735783470404,538152282513831
-24.94740672992242,-21.930322356397582,-22.080854345340985,538152302518061
-26.11429105974137,-21.894788850014145,-20.510804570604176,538152342518950
-25.022663334595677,-22.03859990168176,-20.968598476862294,538152382512175
-25.701909260865833,-20.77889825395456,-20.894391312164345,538152402516425
-23.866688226912093,-23.453088715648803,-22.080877171387897,538152442509654
-25.063116587344474,-22.15748504264953,-21.258085281838135,538152482510553
-24.98823936037334,-21.741924802166334,-22.340961181424905,538152522518996
-24.86448561273444,-22.383325946299788,-21.073529479041913,538152542515611
-24.747172095736193,-22.151581068331154,-21.3854191772178,538152582516412
-25.038460063976157,-22.166349221962857,-22.386888154483117,538152622517252
-24.562181736587693,-22.869601853248717,-21.749138724953703,538152642513882
-24.643089840228832,-22.771251193752356,-21.706650175032262,538152682514699
-25.151245615987936,-22.23874870218506,-21.486359716930995,538152722507924
-25.366050879034972,-21.94423879214101,-20.986837760843564,538152762508739
-23.837728539955474,-23.6297616946924,-22.04224757074481,538152782513022
-24.20086030436352,-23.060038057333276,-22.273216232725606,538152822513843
-25.456902421447964,-21.6381164467183,-20.98897366964028,538152862514684
-24.555335598343373,-22.948831629850286,-22.222174986181276,538152882511309
-24.39650829157311,-23.11947885990939,-22.245234495694906,538152922512174
-24.840328496833,-21.800373261397148,-21.986383567795592,538152962513016
-24.738717800589107,-22.600505418306074,-21.896996557739,538153002513871
-23.242973126633093,-23.31076425261331,-22.827700077621156,538153022518112
-24.803198118799457,-22.023422605681485,-22.272897639639027,538153062518989
-24.23217908486408,-22.814048587183763,-22.62000257506329,538153102512172
-24.124510332433328,-22.83420092229398,-22.519437525349037,538153122516411
-24.535861723160927,-22.08862037970179,-22.075042853281644,538153162509670
-24.681541757566546,-21.274698777000577,-22.503366555585202,538153202510515
-24.07905146955587,-22.072757799909233,-22.71494984605673,538153242519034
-25.82083285062012,-20.758477383487897,-21.125992357759365,538153262515653
-24.456047360976047,-21.495099574031865,-22.774649975148957,538153302516528
-24.411659804435587,-21.971674331990492,-22.282670454300394,538153342517379
-23.804690638110912,-22.14080178841985,-23.10848862494486,538153362513965
-24.453173732824773,-21.637502112560412,-22.174193846673013,538153402514845
-23.97722524711237,-22.183596580775756,-23.017551569070097,538153442508066
-23.326873206992424,-22.53151859720125,-23.11961459857666,538153482508902
-23.034553278085937,-22.57103508775152,-23.180897142168305,538153502513157
-24.154515896373674,-21.276766068658308,-23.153228964704017,538153542521637
-23.33082330321575,-22.831830521412048,-23.305690916035395,538153582522429
-24.098155797859654,-21.768961971323876,-22.435137115975166,538153622515678
-23.17579599614722,-22.54997264296959,-23.368511756008303,538153642512293
-23.440662292212355,-21.58336395868597,-22.809919938048846,538153682513153
-22.943707664618117,-22.669213796083547,-23.088644299144395,538153722513984
-24.2912795929115,-21.45059841863804,-22.698018875026474,538153742518219
-23.149372726265664,-22.005982576070778,-23.325926696777753,538153782519103
-23.64833969976287,-21.851960425320677,-23.271035028277556,538153822512308
-23.90672947992622,-21.84972158597786,-22.90994489407033,538153862513140
-23.70131642564101,-21.5947972712525,-22.98615450574742,538153882509755
-22.991237279004523,-22.11910319217753,-23.510540161495808,538153922510611
-22.926694494579586,-22.082783007834593,-23.38888714042589,538153962519116
-23.492556287623135,-21.634534579190387,-23.57779085205651,538153982515716
-22.986282445872323,-21.899113807694903,-24.076540381423726,538154022516576
-23.098599693682278,-22.27305518930615,-23.35424176937425,538154062517420
-23.474075744634543,-20.951056534870787,-23.293597863652963,538154102510655
-23.107337455374967,-22.071563580869693,-24.44278294606871,538154122514861
-22.915909703170914,-21.94878670198204,-23.780346603118463,538154162508091
-23.482876338349744,-21.75193240070652,-23.271899202636188,538154202508918
-23.532480805637096,-20.618146319726684,-23.300909485447193,538154222513177
-22.05705262102271,-22.268290751798208,-25.073258838617623,538154262514013
-23.12505693718772,-21.21241585099301,-22.949050542522283,538154302514902
-23.084505643484288,-21.22688379640905,-24.109656043321188,538154342515771
-21.863446345437037,-22.3494737032937,-24.642672374122476,538154362512358
-22.072876115104176,-23.273178756671385,-24.326564523421066,538154402513256
-22.607428863650114,-21.995303254828393,-24.200983808313154,538154442514073
-21.992935519395573,-22.323050890840154,-24.611297870967565,538154462518318
-22.244611247604855,-22.06980122959692,-24.697521978241895,538154502519173
-22.17899902953253,-22.72402669815132,-24.2508132399901,538154542512369
-22.102278798819206,-22.085636373325432,-24.43760843702956,538154582513233
-21.78307148541574,-22.97900912264492,-25.022955831914693,538154602509848
-21.918184879940124,-22.158362497648824,-24.452164960946323,538154642510765
-22.258108165069544,-22.315324634063334,-24.773867327763835,538154682519284
-21.663712848275548,-22.046917569830747,-24.9666806152116,538154702515894
-21.57188220234453,-22.96817801453751,-25.02636979212379,538154742516735
-21.321873879292173,-22.765296755024842,-24.571533238258894,538154782517629
-21.143957957759955,-21.92070896368039,-25.960296971553127,538154822510796
-21.102193548684884,-23.25580234116427,-26.15464397364333,538154842515056
-20.357654272203042,-22.926567960633548,-25.393635389098794,538154882508257
-21.058251818265667,-21.991552284239084,-25.398530049363448,538154922509098
-20.392759294679138,-23.41649543731267,-25.841147579584817,538154962517579
-21.088230350144215,-22.391585362782312,-24.98485028537644,538154982514179
-19.864400081572356,-23.319659245735973,-25.945987347142257,538155022515091
-19.979893493511188,-23.298217002705467,-25.955744686561847,538155062515902
-19.225158951153563,-24.022156988153473,-26.23958595135575,538155082512508
-19.599367529110854,-23.5699320402173,-26.779133768590643,538155122513366
-20.168445799380805,-22.62493800389785,-25.87659342138983,538155162514226
-19.99923206316666,-23.010508901315195,-26.73344484425885,538155202515071
-19.458476341405333,-22.613711727074683,-26.041867409078467,538155222519316
-20.03036866442462,-22.626768856363157,-26.647352509128474,538155262512503
-20.677399112770953,-22.49631056570364,-25.90018332934882,538155302513379
-19.12080131953891,-23.63028750608054,-26.669133052736804,538155322509979
-19.888724437533913,-22.33162474563993,-26.3608641597422,538155362510801
-19.71993793213085,-22.349962319702815,-26.34079162605255,538155402519321
-19.613889031783092,-22.51827431616628,-26.53470067242075,538155442520186
-19.925895534376068,-22.137573131198987,-26.051677459462237,538155462516805
-19.66395811265559,-22.364675709702233,-26.55778497701348,538155502517655
-18.89698920252746,-23.04489866049275,-26.834023305772284,538155542510890
-20.333434367428058,-21.11688204322591,-25.797730263553042,538155562515105
-19.973096210622884,-22.288533583805464,-26.128362330163675,538155602508373
-18.840472712532183,-22.279526318328976,-27.00871675892497,538155642509205
-18.48804484269337,-23.080911323713085,-27.674340468261505,538155682517666
-19.47418814345535,-21.09205045840471,-26.624808033698137,538155702514266
-19.071971987832463,-22.374263640234993,-26.852023384348342,538155742515127
-18.9391304055565,-22.152601893031985,-26.91646817198291,538155782516006
-18.40585365540873,-21.635330816270137,-27.558002620031374,538155802512602
-17.840955784173698,-22.706709794078037,-27.961660146669633,538155842513452
-17.178432249378147,-23.852886387610372,-28.319365506668383,538155882514308
-18.000435066163973,-21.902994655002953,-26.973291436426702,538155922515173
-17.88604943930379,-22.15250532834283,-27.915283954898015,538155942519393
-17.173421296237827,-22.744378623515942,-28.67813232210928,538155982512609
-17.217474404032224,-22.427959170635482,-27.9015390650842,538156022513449
-17.66491016267686,-21.46158413274305,-27.886249321575516,538156042510045
-16.56552893542766,-22.77845263056891,-29.10094120666357,538156082510932
-16.661629868097286,-22.5316175281752,-28.532531187313836,538156122519409
-17.041836806791835,-22.23091299620576,-28.279692551307008,538156162520254
-17.020973459669968,-22.078801309033388,-28.43107617789676,538156182516889
-16.882661999530065,-23.389509949806897,-28.795405114713425,538156222517744
-17.446458553642007,-22.042317473182223,-27.61523116935576,538156262510955
-16.58552516719582,-22.346717489450278,-28.680702657230572,538156302511810
-16.70072997793048,-22.954155827111173,-28.541793180730572,538156322508445
-17.058994312497187,-22.34497244298515,-29.007540540271407,538156362509281
-16.28293826844493,-22.088242014716208,-28.581778017921447,538156402517786
-17.207665882742926,-21.85543328278976,-28.288373855945387,538156422514421
-15.976653636886349,-22.456149399040847,-28.606206087714924,538156462515295
-16.732522707675344,-22.483747941971732,-28.696790990278643,538156502516101
-16.282475586159624,-21.84305765525818,-29.36331502904444,538156542509312
-15.546589727078917,-22.748332827723093,-29.39963840058693,538156562513581
-15.853357428839992,-22.38647772810255,-29.130043408518173,538156602514411
-16.272704778610965,-21.516175769239283,-29.057339746745516,538156642515238
-15.65980114086879,-22.580784925628535,-29.710858103618147,538156662519463
-16.421924137751883,-21.510172254079972,-28.727551841764203,538156702512727
-15.795563919852414,-22.664436942462935,-29.617645903960767,538156742513586
-16.323602231440315,-22.48059896108688,-28.591288322967262,538156782514408
-16.600772445421953,-21.405568639360652,-28.179075687265627,538156802511023
-15.059380484897734,-22.745893824168533,-29.710806991580927,538156842519531
-14.842746628105903,-22.91884019362694,-29.94050478550771,538156882520396
-13.590753428011846,-23.556944777897197,-30.217935272063574,538156902516983
-13.297338315781099,-24.892810731717546,-30.72586518035297,538156942517843
-14.348844486030401,-23.066959947680353,-29.770790813034196,538156982511054
-14.09791322520863,-23.480993301366894,-30.308988643712233,538157022511914
-14.244535288613033,-23.489886958342048,-30.143209883371192,538157042508519
-14.851681246561078,-22.722096513211117,-30.04059366865174,538157082509336
-14.125773464120776,-22.38194485290378,-29.6786785747419,538157122517865
-13.600392539834692,-23.09892117622133,-30.234139088741973,538157142514461
-15.152444321559296,-21.913873948272833,-29.359788082145517,538157182515336
-14.555056711847358,-22.002638233474496,-29.832647093130166,538157222516177
-14.308870146283528,-22.61187661887317,-29.65214877768332,538157262509373
-14.078953059562592,-22.93703062793809,-30.03780022451423,538157282513623
-14.407500071970013,-21.85924322771191,-30.03004300047806,538157322514439
-13.205127878661996,-23.505232822729436,-30.95291675715364,538157362515319
-15.235034611250146,-21.451454093907113,-29.129055665946428,538157382519558
-13.529336805694332,-21.987039320158342,-30.63328567372719,538157422512750
-13.211523606823764,-22.254626522262562,-30.46637309113504,538157462513592
-13.126704530896303,-23.20542068492899,-31.02670722489137,538157502514465
-13.519658025649147,-22.66557896156927,-30.12811656361305,538157522511076
-12.821610875782325,-23.185247152910325,-30.943126141088065,538157562519545
-12.821063370130807,-22.998259511741555,-30.838556304712856,538157602520401
-12.485088349515777,-23.4172596656304,-30.241529767660257,538157622517040
-12.545852537656168,-22.191903631830712,-30.998523706783907,538157662517909
-12.35415640759011,-22.563688289902156,-31.2322510293827,538157702511148
-12.168867347412233,-22.694226729987406,-30.864519920042362,538157742511998
-12.513711328618685,-22.54228628656415,-30.803907479709586,538157762508618
-12.195583337175233,-22.804044320504325,-31.479861267786248,538157802509468
-11.318269375297506,-24.059310936270645,-31.525974172953163,538157842517919
-12.071704147298744,-22.254823305651534,-31.121797238306286,538157882518770
-11.518093777834231,-22.79718286232389,-31.268795567739005,538157902515327
-11.388859502096437,-22.601994300285906,-31.041698298574374,538157942516168
-11.290082181934924,-22.682904180750192,-30.813690198301,538157982509379
-11.244661217907964,-22.260821646153925,-30.64439462616853,538158002513591
-10.967573926724835,-23.00489518475095,-31.52518802395968,538158042514456
-11.459805073348916,-22.847363378977178,-31.165881243563135,538158082515297
-10.906972968299725,-22.748665897297908,-31.915127365949722,538158122516214
-11.01646308857758,-22.43634112891613,-32.091140494197674,538158142512815
-10.385158064261162,-23.381651377442527,-31.507195503976693,538158182513695
-9.736440635637083,-24.157469697258485,-30.983746094167753,538158222514560
-9.549042013553272,-24.296208885603217,-32.140459426071324,538158242511146
-9.794642890316991,-23.30462459353978,-32.08032266535995,538158282519617
-9.74743868152163,-23.393995663571857,-32.09166465356485,538158322520461
-10.373800052359073,-22.8523781307018,-31.237930543511787,538158362513638
-9.34265098388235,-23.93481828617278,-32.252192675953786,538158382517854
-9.094200956486366,-23.98078509608401,-32.1970830411548,538158422511069
-9.54230536411643,-23.69329196090899,-32.27522516342593,538158462511901
-9.197371372693324,-23.741807289055796,-32.70517127133783,538158482508535
-8.748115191958526,-25.03698835920501,-32.18682567319923,538158522509386
-9.54002590263786,-23.874945042317883,-32.077585557052146,538158562517869
-9.71293312351844,-23.672126615406874,-32.67296498796389,538158602518754
-9.119111652933785,-24.165024158638275,-32.160919348857185,538158622515383
-9.753517423368773,-23.766623309624638,-32.05431412592033,538158662523897
-9.723396780381231,-23.30937426530497,-31.901624208105904,538158702517093
-9.617549272338799,-23.83241959431294,-32.31704369372824,538158722513674
-9.161384875638618,-24.004359075003396,-32.13028664521953,538158762514524
-10.061624606639482,-24.220444530045732,-31.13017756671219,538158802515336
-10.134390220964686,-22.829479670018703,-31.828946061019163,538158842516216
-9.773281230161604,-22.68528312545172,-31.377866827157142,538158862512841
-9.998296229940278,-23.498688334240136,-31.774001269681495,538158902513725
-9.77871590865929,-23.001101504604378,-31.527543192171045,538158942514605
-9.161145740629793,-23.23244393310899,-32.29097258911797,538158962511187
-9.370369239744885,-23.39172010005468,-32.13650774110767,538159002512066
-9.309893171627852,-22.610194452948846,-32.2444882262538,538159042512907
-9.256357935285326,-22.692168160473557,-32.70827694330738,538159082513748
-8.78845345092593,-23.935186391110573,-32.159103974476785,538159102517993
-9.781414777530907,-21.89736775438773,-32.18553057104726,538159142511185
-8.988281255906204,-22.505584387095215,-32.865414834335816,538159182512069
-9.055910968240298,-23.430847360821716,-32.00643676502926,538159222512906
-8.874608938731395,-22.097879549276364,-32.43252592125201,538159242509520
-8.993143577960858,-22.1141523463915,-32.32535164768473,538159282518025
-8.39306920332315,-23.230971445448695,-32.59252387810129,538159322518875
-7.9369585578031465,-23.417979244477674,-32.575391919481454,538159342515485
-8.705414021796493,-22.25709910757795,-32.722604035161616,538159382516316
-8.196259650252992,-21.59441803158449,-32.595230337487244,538159422509565
-6.998686224657975,-23.228124176755916,-33.06385265438169,538159462510411
-8.57230222406584,-22.619818012814314,-31.898796147305106,538159482514641
-7.345273165521677,-22.278780806377846,-33.05034367851134,538159522515481
-6.6700103093011975,-23.090302794864204,-33.53458458848291,538159562516339
-7.0855858099222875,-22.566181581648227,-33.319850473038876,538159582512954
-7.515686302027136,-21.57433629585386,-31.8809720397563,538159622513810
-5.737953260193662,-22.929003058441605,-33.89026809578094,538159662514632
-8.02436624502552,-21.90663180927973,-31.812231168504006,538159702507866
-6.983288802363506,-22.02704932580646,-32.71510870138458,538159722512082
-6.596495489080237,-22.09603368855523,-33.0836087542719,538159762512937
-6.327368810431546,-22.3047715304822,-33.11288169261424,538159802513758
-7.32151215664247,-21.17635165197318,-32.16656085414977,538159822517980
-6.462060919204017,-22.07982935474869,-33.11172508995733,538159862511167
-5.7113713478688055,-23.009271189474887,-33.82048154046839,538159902512037
-6.796504866016625,-21.88590552921445,-32.27088667987925,538159942512868
-6.140143990579423,-21.801338414815927,-32.91733731299053,538159962509459
-5.332769886786366,-23.217729357754436,-33.28873946187255,538160002517969
-6.499062053605435,-21.67223655880673,-32.4640870839076,538160042518852
-6.298112737842269,-22.34576971936526,-32.806253361886036,538160062515472
-4.921584377448539,-22.915649683530635,-33.72653673992944,538160102516299
-4.99485741256536,-22.88551768817097,-33.50442593432452,538160142509558
-5.540455540567396,-22.285532327206255,-32.84659434379219,538160182510418
-5.189206681393538,-22.522872607963425,-33.23261270689866,538160202514624
-4.661304888647522,-23.142221221426624,-33.33508203617679,538160242515488
-5.181125771992915,-22.131295918471093,-33.07996089575807,538160282516354
-5.154367652906103,-22.35327642451031,-33.5609038678141,538160302512921
-4.818332707037255,-22.412031190136812,-33.87799180514604,538160342513761
-3.953996525776762,-22.88343599657943,-33.36579578055785,538160382514606
-5.355802061433707,-21.209055502783308,-32.58176252125725,538160422507841
-3.726502702366011,-22.27254742423025,-34.72184252567298,538160442512077
-3.5556568684695526,-22.79487965253177,-34.27034902339601,538160482512908
-3.557222883254503,-22.818437517136914,-33.737064725832184,538160522513777
-3.1099089123652415,-22.530094652316944,-35.015989808588245,538160562514626
-3.7366989715303185,-22.0175861048972,-33.957912170404484,538160582511241
-1.812624436524543,-24.23645853226718,-34.75597723891488,538160622512092
-2.399188410112288,-22.563612360146543,-34.32349375034031,538160662512971
-1.5499328462403534,-23.003492467523753,-35.00278842947974,538160682509595
-1.3338691687170852,-24.362135985353728,-35.46240529171748,538160722518079
-2.743172612852066,-22.547476411356598,-33.967229131015735,538160762518920
-1.750538246896752,-23.011911210611274,-35.31111619222051,538160802512150
-1.426181596946157,-23.344015365958143,-34.496945760174164,538160822516356
-2.2674954110850423,-22.490004961679794,-33.93456904184213,538160862509557
-2.17640831479448,-21.357692056275024,-34.689588266430206,538160902510373
-0.8512300767154202,-23.4544430764657,-34.51719953992396,538160922514608
-2.3118908033878838,-21.285443719458748,-34.01502126777365,538160962515454
-0.5860594438451366,-22.776485090855473,-34.88158589618862,538161002516309
-0.5748410221966263,-23.268919064060555,-34.55728022553444,538161042517183
-0.3694312494136143,-23.040035051049113,-35.12462295088937,538161062513797
-1.144092569124552,-21.518093985381693,-34.712395857404275,538161102514672
-0.2430928537106877,-23.204019038135083,-35.01270629712341,538161142507906
-0.7563769037129847,-21.58362771457766,-34.54100806432907,538161162512107
-0.25580716904502443,-22.54802267482832,-35.10856091334582,538161202512967
-0.7093950416354069,-21.93702944776344,-34.308403079907784,538161242513792
-0.22471904291045716,-23.141216595893184,-34.715090046517936,538161282514566
0.1391415760881769,-22.11694293897188,-34.7139350079861,538161302511172
-0.031167859042782596,-22.71563674912517,-34.52517769618795,538161342512011
0.11107967373276183,-22.07968618004973,-34.91629283269875,538161382512866
0.6759958879687855,-23.69485885554055,-34.7054666363169,538161402509452
-1.0289761963354662,-21.429810555859984,-33.61980584347807,538161442517938
0.5349057217652716,-22.382353669171966,-34.98076557071925,538161482518831
0.844582289158619,-22.060211524213784,-34.36580304088084,538161522512120
0.5327609841915896,-23.688643698401307,-34.148929300991846,538161542516340
-0.1897708323407991,-22.54468122697092,-33.932435250253334,538161582509604
1.4287911765477934,-22.943374445455927,-35.488111814046505,538161622510479
0.8871672038742678,-22.634429731813793,-35.016554191303264,538161642514690
0.8474464925292134,-22.537889476778396,-34.60186160762504,538161682515511
1.0259955424015264,-21.964525178073597,-34.64891873779244,538161722516312
1.0524549584253735,-22.924833376756457,-34.25242441119559,538161762517177
1.048849830389643,-21.776315327201438,-34.66591688041133,538161782513792
2.179301682176521,-22.86388289750824,-34.964647705293196,538161822514603
1.2634557817550531,-22.201307070407996,-34.44961229625662,538161862507881
0.7057442502606321,-22.145995553296252,-33.84968268216275,538161902508731
1.322865592913327,-21.7461925332507,-34.79522435161369,538161922512967
2.3622199215594493,-21.85417911667861,-35.406581088503245,538161962513846
1.774286631447222,-22.09913296638478,-34.47336535451177,538162002514681
1.4900693939154028,-20.890438221582222,-34.27475927731876,538162022511315
2.566444547456136,-22.17361955906757,-35.71117552192675,538162062512160
3.4591039541629103,-23.608509385484794,-35.25889757864932,538162102512973
2.1235364850108027,-21.232314840670746,-34.37643295555425,538162142513834
2.3347935868835172,-21.622737372721467,-34.690006589799786,538162162518049
3.0729848389743335,-23.008272471695314,-34.23996155586781,538162202518894
2.5695534914954763,-21.571895647374856,-34.248366989659246,538162242512100
2.8010877422289244,-22.298987241331602,-34.51936485754006,538162262516341
2.8005191327215795,-21.88872189044457,-33.99109750848304,538162302509580
3.220951277259409,-21.938692357929828,-34.02662800627519,538162342510410
3.8243811141933612,-22.834078530132235,-34.42608470232895,538162382518919
3.3983959173525657,-22.188072934003223,-34.09078913243074,538162402515519
3.7442954294838504,-22.07826937170424,-34.223764081246365,538162442516308
3.710490642055289,-21.941034452367294,-33.706300899290454,538162482517133
4.261929096835891,-22.10746265282733,-34.49765499440683,538162502513706
5.006881841494202,-23.099789225047015,-34.975401121329426,538162542514584
5.206481334351228,-22.938659217333374,-35.14725680089212,538162582507800
5.395640153498104,-22.768872513805043,-34.487356672259736,538162622508636
5.297102078482658,-22.9208283572381,-34.25393587816392,538162642512901
7.130960837598737,-23.999347147486905,-35.629840055412444,538162682513736
6.504974176515588,-23.260968266878457,-34.6675485253113,538162722514604
5.686539551107743,-22.485177757313426,-34.9205967675657,538162742511239
7.361392809526072,-23.977441425890998,-35.51533494399904,538162782512056
6.734981958583231,-23.25527325053858,-34.79659693104846,538162822512930
6.719887720044736,-22.93579270552042,-35.278183196572236,538162862513828
6.773285805557114,-23.42286907861896,-34.79686106545269,538162882518058
6.542664753506405,-22.589484442974562,-34.49700924034591,538162922518918
7.061272362460204,-23.565772837828003,-35.239637665493035,538162962512115
7.067696895646105,-22.941579493656775,-34.149616756332456,538162982516350
7.414632191782994,-23.842893881840347,-34.555029925027334,538163022509575
7.478669002913953,-22.71276748503914,-34.83861609423741,538163062510387
8.025154887528274,-23.029152178126644,-34.800948125377026,538163102518857
8.2271001058514,-23.17182596843879,-34.37472844271112,538163122515472
8.209512235890369,-23.657031887630705,-34.162604380410116,538163162516284
8.454660812372925,-22.509141498750957,-34.30504687014926,538163202517099
9.787741009115038,-24.008682364982374,-35.024733547692506,538163242510330
8.278911301834459,-22.37429189706092,-33.56101979216314,538163262514555
8.750018039220908,-22.17067334510357,-34.2673473089436,538163302507785
8.997929698673099,-22.210784378219802,-34.16916511789306,538163342508625
10.011477678008074,-23.16607989228675,-33.88438215035963,538163362512874
8.363650521791737,-20.74537089681863,-33.37300450433642,538163402513710
9.787322863537979,-22.476624265554513,-34.18515579334713,538163442514527
9.83111426858855,-22.291588173325845,-34.38355413547676,538163482515367
10.386873816374674,-22.772695101134197,-34.41894883306025,538163502511996
10.367235564238937,-22.521466186448926,-34.32811636576563,538163542512846
10.371462111571184,-21.88530358697042,-34.21497963461091,538163582513692
10.731558233411125,-22.541504222403038,-33.94061307526925,538163602517951
10.373332430735585,-22.48984141448861,-34.3980574598745,538163642518811
10.997071670056926,-22.896592431660213,-34.713663544135336,538163682512007
10.941322029241105,-23.13648186301901,-33.913359813742304,538163722512838
9.562472633244026,-22.108298678653917,-33.48832628547049,538163742517054
10.907595696210734,-22.399017625265987,-34.8632944241495,538163782517976
11.19696096445925,-23.021992437439096,-34.38400644747534,538163822518832
9.898652800299685,-22.04475326961274,-33.809047646984226,538163842515417
10.66900569126354,-22.403665411647374,-33.75993026927594,538163882516292
11.35510184880966,-23.422273869019246,-34.266340137645585,538163922517136
10.008714709930645,-21.410683689756045,-32.82888192086163,538163962510367
10.690225910292131,-22.274601219353034,-33.74230344818434,538163982514573
11.173710443197177,-22.476640574727575,-33.619800255301364,538164022507803
12.033286968124486,-23.477849544303226,-33.28310131294236,538164062508668
11.353764020302515,-22.156741559634998,-32.8842165158204,538164082512933
12.049623090953874,-22.53614522087952,-33.872007081586084,538164122513653
11.319711273555736,-21.90330880440505,-32.98156606190032,538164162514504
12.040599136468652,-22.066646886279067,-33.49391159101891,538164202515377
12.080565828195011,-22.53142716634488,-33.49020889660805,538164222511916
12.03714446206242,-21.86383568484395,-33.22688877803221,538164262512751
11.724010489872086,-22.151654324707533,-32.75526857540823,538164302513597
12.015646105375609,-21.63821432041195,-32.66911898253231,538164322517832
13.253288534506671,-23.09272437586114,-34.357081053268274,538164362518779
12.077697163288656,-21.709039044802733,-32.63859007928924,538164402511990
12.475264567454744,-21.983470238374856,-33.46088063820393,538164442512869
12.6139101871354,-22.036339781465383,-33.1691110274338,538164462509488
13.662507115558336,-23.266233560557094,-33.34732020082341,538164502510339
13.234864296776237,-22.744246950593165,-33.361142710873736,538164542518838
12.615842851136104,-21.85948526441444,-32.68166337845047,538164582519717
15.085219248528402,-24.69878234954251,-34.53748114874549,538164602516299
14.095319323437682,-22.83224638314173,-33.46412848132957,538164642517178
14.388026550460285,-23.179209091769987,-33.867398815113496,538164682510375
15.055865801919591,-23.90376342883262,-33.8134039593352,538164702514619
15.20549657455491,-23.48374346323123,-34.24172388872735,538164742507854
13.631148428624847,-22.2436664161099,-32.452687616834446,538164782508656
14.05622846036061,-22.39785190377438,-33.05029325431079,538164822517084
15.010628453417265,-23.040097519828027,-32.92994240780595,538164842513704
14.36793029310457,-22.396102206256973,-32.5062741554076,538164882514563
14.383334647230503,-22.466754974080363,-33.012345793630075,538164922515403
15.761484766557265,-23.99258727973034,-34.064483545094184,538164942511989
16.242066472243657,-23.45291157512757,-33.231322262731126,538164982512826
14.99764385329357,-22.51946752808541,-32.85342586486871,538165022513714
16.947270338127495,-24.173524563594388,-33.86928498470548,538165062514563
16.780637408931664,-23.20069053079097,-33.42569850592291,538165082518808
16.722399367813075,-23.28104792889208,-33.062341906031214,538165122512047
16.819793251216115,-23.01615778037135,-33.18588650647656,538165162512926
16.711187727867973,-23.382913761262678,-33.20306055882866,538165182509504
16.153832910329342,-23.027288922978506,-32.83033736570365,538165222510334
17.27721917606278,-22.90889163864585,-32.85027682294751,538165262518842
17.07412677018999,-23.014122099008485,-31.96227970360565,538165302519660
17.051816992187934,-23.47833367253861,-32.52737433006387,538165322516256
16.836741538268335,-21.943736424912316,-32.24258078548148,538165362517082
17.537325762189326,-22.324986623358782,-32.70131989324278,538165402510312
16.963681884095287,-22.74643945877747,-31.963199625028977,538165422514572
17.82114644877329,-22.83141165066674,-32.46862393948139,538165462507769
16.96257381319162,-22.430755052791525,-31.772310443176597,538165502508581
18.063438297241046,-22.38299705212948,-32.37899964742404,538165542517036
17.63316588328315,-23.106345609725313,-32.02353292662514,538165562513666
17.2409343137239,-22.35230848552444,-31.786092438961212,538165602514507
17.613168916112844,-22.256290594148457,-32.296181216866195,538165642515338
18.26473418617722,-23.399618326243004,-32.17530025166968,538165662511924
17.237607903703804,-21.458751217201563,-31.451349660629816,538165702512803
18.39009985510763,-22.93255458728739,-32.281310223719295,538165742513668
18.009429746102033,-22.313694582383874,-30.98836392196233,538165782522154
18.158089004528115,-22.29298800682858,-31.80731273735347,538165802526385
18.37567642564966,-21.85959612832874,-31.428205696732118,538165842519533
19.17125282782068,-22.521416873801623,-32.256004705464065,538165882512696
18.476313,-21.178177,-30.532116,538165922513507
19.139092938255754,-22.08959633051527,-31.87573086377182,538165942510098
19.465262685425362,-22.01884554417721,-31.56267259909067,538165982518545
19.576967347335057,-21.757089073907565,-31.843677746753617,538166022519428
19.18384102105988,-21.141232674607057,-31.462737581570927,538166042516072
19.89280576842367,-21.96157351280917,-31.489571414131664,538166082517013
19.46514575370922,-22.12800947343546,-30.511952123673225,538166122510272
19.253326597087568,-21.7532748408664,-31.291111129604317,538166162511113
20.188033005803145,-22.24417595386811,-31.92673517054878,538166182507729
20.101751957655665,-22.828393253725203,-31.01752426685821,538166222508574
19.000041104270704,-20.931231966725292,-30.318478311089116,538166262517039
19.625435144407383,-22.394360462266192,-30.628074755823775,538166282513611
19.960292424180516,-22.654619182167664,-30.52682759310714,538166322514462
20.31772651276892,-22.558419665930618,-30.25564170143963,538166362515327
19.8605087589612,-22.396128087094812,-30.632186440585116,538166402508543
20.38034288295264,-22.260743212936042,-30.425788879854277,538166422512798
20.497433167193336,-22.306788297188593,-30.175972502957386,538166462513624
20.397369041364694,-22.338806718401415,-30.02657346891386,538166502514479
21.742932869175277,-23.146941408176453,-30.731982431529026,538166522518725
20.98067084931294,-22.181194756537124,-30.322619607543977,538166562511921
21.77974586698262,-22.76165730096322,-30.440952972050592,538166602512758
21.746164403034246,-23.53285818020887,-30.74174593954777,538166642513637
22.615261013455573,-23.216328102775996,-30.61691130388051,538166662510195
22.846863873728072,-23.222018892704583,-30.83717364123176,538166702518618
21.380768527575736,-22.00907941682979,-30.16799612337314,538166742519474
23.398468314539237,-23.778413761473523,-30.770158547799536,538166762516041
23.066249292359437,-23.627840529322725,-30.279964334339713,538166802516838
22.02215195980091,-22.557535283661988,-29.552329789950225,538166842510068
22.848343106419264,-22.71547252165129,-30.77477440543301,538166882510928
23.271775452523237,-23.001781126188888,-29.452296110596688,538166902507577
23.04207082554693,-22.838097007868722,-29.864099515118447,538166942508407
22.40806425347384,-22.329337358148145,-29.090063295833307,538166982516887
24.21891138841127,-23.710806889937427,-30.233144251876137,538167002513550
22.74806530912247,-23.57781773793374,-28.564586275668173,538167042514391
23.71243716245135,-23.499200792059774,-29.75222735315058,538167082515231
23.68880108806804,-23.292580450436304,-29.003644285144425,538167122508413
24.368096455148375,-23.6626008218478,-30.04153374293443,538167142512652
23.395661049446534,-23.202845288759065,-28.640887788976745,538167182513503
23.87890895614389,-23.908603841659797,-29.288138849340296,538167222514373
24.72720037273491,-23.51973367231196,-29.851792739070312,538167242518587
23.844115234290523,-23.445679448984283,-28.681995706312687,538167282511798
23.409408017734073,-22.232618426344075,-28.750751978058485,538167322512715
24.763706545062448,-23.691537641346432,-29.529958144396105,538167362513561
23.241148705310348,-22.203529826982795,-28.20420294870801,538167382510176
23.42961163038613,-21.865204288344977,-28.665745421788028,538167422518675
23.21340208962851,-22.39716514601287,-27.89508501096429,538167462519496
25.327537786099736,-23.729583056527257,-29.07907044019856,538167502512697
23.62637861793134,-22.71299044879013,-28.29744608875279,538167522516920
23.99294785788402,-23.62246509219437,-28.7906849470796,538167562510121
24.063720121360102,-22.927999335444234,-28.123430506614923,538167602510972
24.837349504683765,-23.00640457685855,-29.202571756792405,538167622515188
23.630622349399786,-22.930172589775143,-28.031948576280048,538167662516049
24.747124080167474,-23.648774902897742,-28.756830568214568,538167702516894
24.358655012457483,-23.2806597371285,-28.974233008800404,538167742517755
25.205485430215578,-24.071793214563645,-28.26890486544652,538167762514356
24.45437279846014,-23.769710368706498,-28.230584011232413,538167802515209
24.828862916837657,-23.603849463310137,-27.508949130209757,538167842508435
24.00399006977072,-22.089212612914206,-27.35669443971295,538167862512614
24.586891715389417,-23.61210477952015,-27.955649514017036,538167902513454
25.168096135027593,-23.694800662269788,-28.154295175567114,538167942514294
23.9417495146359,-23.153495595467504,-26.587652704593538,538167982515105
24.70623796542412,-22.311158936037472,-27.123455971705756,538168002511730
25.283501321312862,-23.28891317556883,-28.102018003888443,538168042512580
24.52868793629744,-22.362288324709592,-27.093315596059607,538168082513459
24.967096401963246,-21.98150177763593,-27.80964899571064,538168102510083
24.84785330711442,-22.52337189671612,-27.178484754676358,538168142518566
24.96737473693013,-22.052034890202634,-26.485787380750185,538168182519403
25.150201392978595,-22.439455465095687,-27.02854439276192,538168222512647
25.030954410320685,-23.049033484544992,-26.6862831587738,538168242516863
24.904025759202895,-23.08335096382573,-26.993271762566312,538168282510069
26.013310747196847,-22.922813296821538,-26.63498633172637,538168322510870
25.7071474756297,-23.614314207454917,-26.714584771587166,538168342515091
26.190452415279797,-23.86116933594763,-27.206621610086625,538168382515937
26.47184420917715,-23.923739544872976,-26.1974612657738,538168422516772
25.70504842911388,-22.897234838870865,-26.101473117098337,538168462517594
26.872094500266833,-23.46357534844057,-27.189482798968356,538168482514223
26.088458815445918,-23.648593130751937,-25.525569498041943,538168522515083
26.366486675164815,-23.465324429279445,-26.606048380243898,538168562508276
25.711749027885094,-22.64414809844891,-25.16812571644388,538168582512526
27.19562258689439,-24.233353409356884,-27.059884030364483,538168622513382
27.547998832240246,-24.301633376705077,-26.36094004603971,538168662514203
27.43408060528595,-23.836287106705456,-26.608722834639646,538168702515069
27.59384731739894,-24.22692094033153,-26.268496356954454,538168722511684
27.517432115383215,-24.51783103048144,-26.10223752070699,538168762512510
27.066424608356904,-23.69276114450694,-25.365200933112423,538168802513359
26.296834571290006,-22.535343347698834,-24.976507312123786,538168842514210
26.95131537644354,-23.94347978286428,-25.08735206474007,538168862518469
26.311080714658623,-23.435204070685785,-24.120460708346044,538168902519304
26.899936558564768,-23.380757905772704,-25.64761325213857,538168942512496
27.07882714799178,-23.127326134430223,-24.8324190695843,538168962516746
27.191845095370617,-23.248130840498597,-24.33674155663037,538169002509971
27.649266436034274,-23.452498035980174,-25.493605184966853,538169042510792
28.245676107320044,-23.265664949028192,-25.152238474158743,538169082519238
28.164623406062603,-23.47054271271619,-24.201137575963777,538169102515839
27.912711252408283,-23.435125453123792,-24.995110456651943,538169142516698
28.597949033783156,-23.88533341552582,-24.92832286092301,538169182517537
28.344699944940547,-23.890449106134934,-24.66635496392552,538169202514167
28.798923664988592,-24.575405342813138,-24.505960508863037,538169242515046
28.330404821193156,-23.91394523203301,-24.23833016962439,538169282508272
29.090255554226918,-24.13720112844617,-24.767899156736327,538169322509093
27.857733817622076,-24.613726392937068,-24.368014035053303,538169342513327
28.772469258816553,-23.872432271684534,-24.947071701683836,538169382514178
28.53733966010369,-24.71264510629973,-24.72331819892833,538169422515044
28.400440091752124,-25.00939763094163,-23.685077679196045,538169442511630
28.55762100285848,-23.78365953250575,-23.950366914225167,538169482512485
28.405115115679706,-24.37841499838063,-24.072321355315232,538169522513369
28.336092809609244,-24.073793254801828,-23.750106709286907,538169562514186
27.57187040473793,-24.146698861776496,-23.608763575475066,538169582518412
27.656778376857524,-23.19718912916878,-22.365914077324334,538169622519209
29.017561296590117,-25.008478303322466,-24.288906247347512,538169662512444
27.44122902468548,-23.96267095404852,-22.883377508001555,538169682516660
28.257738945855763,-24.45467388268418,-23.456476066597524,538169722509838
28.55392520958743,-24.804802282044868,-23.50697817287565,538169762510702
29.213653993978546,-25.706757376909056,-24.214005340191015,538169802519172
26.894489023820526,-23.426267235282342,-22.62147960686659,538169822515792
28.497558295133626,-24.290130864750846,-23.56314499785634,538169862516623
28.449259756602988,-24.845470248114733,-23.143000151754052,538169902517421
27.55216746956587,-23.896373210206264,-22.63210314327051,538169922514069
27.75557751892972,-24.24055032680037,-23.493332917330104,538169962514886
29.217010831432866,-24.767677966928424,-23.93997947034676,538170002508092
27.337432575473226,-23.169519352346185,-22.18978071884838,538170042508966
28.56571000710477,-23.66861650765749,-23.48553611010673,538170062513202
29.15882631133736,-25.171857180075285,-23.370220341055667,538170102514029
28.737016527792814,-24.760817158688365,-22.055624469341442,538170142514904
28.340482962088718,-22.732059156804183,-21.742101327514757,538170182515749
29.52256819369943,-24.345633595845744,-22.982427924552585,538170202512369
29.416415096903542,-24.29890521797974,-22.37672328151154,538170242513171
28.758987198896634,-23.755168194053947,-20.635348150883253,538170282514021
29.71136094184223,-23.655030323414465,-21.584596165200047,538170302518256
29.682722393969303,-24.255789203507685,-21.77515499244707,538170342519115
29.97392668460062,-23.729799372510573,-21.55579425967176,538170382512283
30.36851799569564,-24.073738860395196,-22.0038399445622,538170422513114
29.922707761019105,-23.465745089489396,-21.17898991465006,538170442509749
29.55661316809762,-23.7796968133015,-20.919986233858616,538170482510588
29.451672855146132,-23.25270967718059,-20.544053229461674,538170522519077
29.730534838439752,-23.85953017063179,-21.284036607720466,538170542515664
29.944676961822246,-23.341142908789006,-21.02104830432376,538170582516490
30.985778847928866,-24.64238660929838,-21.188186837741437,538170622517380
31.123908367980995,-23.551713515367446,-21.581408117421216,538170662510566
31.007734925654447,-24.44523899624762,-21.140747118394902,538170682514772
31.706604299852327,-24.99584003160693,-21.72709172000494,538170722507983
30.901890752264205,-24.773836444864354,-21.208413162210956,538170762508838
30.709710675594717,-23.075561460218623,-20.499289841357964,538170782513064
32.16615298668761,-25.813134620242632,-21.371197042523015,538170822513915
30.953748411358923,-23.763331543390343,-20.39090117514339,538170862514750
30.325740265879855,-23.42985027235004,-19.990576968235892,538170902523240
32.04264026683734,-24.324126381203758,-20.831362034957465,538170922519850
31.05265814015581,-24.321533359014882,-19.985349255205076,538170962513066
32.15372937196063,-25.03580694741426,-21.013292731743057,538171002513944
30.81197721360025,-22.993499183602555,-19.512091224547326,538171022518194
31.891044076141966,-24.27609634838809,-20.696017838233,538171062519020
31.136570808864985,-23.289984067881,-20.013037634655742,538171102512187
32.113426868440726,-24.731037433727774,-20.5845625528427,538171142513028
31.82894302695357,-23.75481977377533,-19.933728144855113,538171162509638
32.38771269903386,-24.055255124130323,-20.941791504339122,538171202510435
32.05233784735004,-24.32640996053136,-20.717181822973444,538171242518910
32.83952209554841,-24.778668783413334,-21.166102567385277,538171262515540
30.953711475170902,-23.9458007616924,-19.434363769801042,538171302516367
31.37478601352514,-23.29488496738691,-19.94716126750937,538171342517251
32.236166395645384,-23.49071743416518,-19.983662188479062,538171382510524
31.679518116480605,-23.341498055995082,-20.09550868748515,538171402514749
30.956655098447744,-23.274640898871834,-19.23512142302093,538171442507960
32.860882119159015,-24.32957968041698,-20.973732468713834,538171482508787
32.348271901271765,-24.48492748986374,-19.801982828596348,538171522517246
32.11247340021157,-23.644790083034657,-19.774828145029225,538171542513838
32.166071905786445,-23.909327417933813,-19.798892132079043,538171582514678
31.300475111126076,-22.96524747065522,-18.02134032721941,538171622515510
32.29521188167266,-23.2081629431274,-18.690540589827027,538171642512096
32.74995286395243,-24.830941920042804,-18.96641505304666,538171682512941
32.98915534623363,-24.999043736667886,-18.776319549286292,538171722513806
33.3369183461925,-25.31078086759237,-19.095989032355835,538171762514641
33.093192153102706,-24.98661654935769,-18.31864100951871,538171782518863
32.89291212904668,-24.573438586574632,-18.400324307938963,538171822511997
32.491124303887716,-24.49063822865323,-18.403644105526382,538171862512861
31.7192476222939,-24.404141718355348,-17.351821757174097,538171882509485
32.33776104098293,-24.003615090390173,-17.737193087603483,538171922510311
33.00213430361967,-24.941741343777466,-18.38825234175024,538171962518792
31.881265482235065,-23.183391828773974,-17.746172190329517,538172002519646
32.05298244264036,-24.620939128128352,-17.520094925178316,538172022516289
32.36058090946094,-24.074725538851133,-18.322346175949207,538172062517135
31.84908891631923,-24.43950501213158,-17.496023662026346,538172102510222
32.126521303299434,-23.67129731792916,-18.05545120044352,538172122514457
32.20096486361245,-25.18226147387825,-18.48299686254303,538172162507663
31.808954618890386,-24.415361027787572,-18.03852993864286,538172202508480
31.85766767940501,-24.30983471337479,-18.055927306420575,538172242516922
31.840665622309388,-23.528218123370035,-18.313887603202247,538172262513537
32.21317289447968,-24.05547987545134,-18.109988172082215,538172302514430
32.3151090462043,-24.256717232549217,-18.088497325033725,538172342515324
31.809431231541122,-24.010891840574182,-17.623806662621572,538172362511934
32.117026765942825,-24.795436664910632,-17.70901532602594,538172402512774
32.52323668308071,-25.42498829782588,-17.164488959537092,538172442513652
32.16252574620437,-24.25043327908615,-16.852675469124552,538172482514483
32.161947951629394,-23.772480171591948,-17.539647842515176,538172502518714
32.56139440971944,-24.689969832320653,-16.83526896524703,538172542511968
32.19375774548219,-23.865887391945805,-16.834099818356023,538172582512789
32.14934256939491,-23.60485732042683,-16.86391282104857,538172602509419
33.57244029446185,-25.506888142135985,-17.43913558430142,538172642510284
33.3716134945149,-24.8223519457026,-17.175606133864303,538172682518741
33.256057838447624,-23.764191359721963,-17.434259738949827,538172722519587
33.754223141068096,-24.968153945566584,-17.27958055384148,538172742516178
33.64536419345071,-25.749310117643684,-17.243893974054732,538172782517052
33.89183381508173,-24.381239801692548,-17.76459724455961,538172822510244
34.00224576660432,-25.073136064272468,-17.25290903315607,538172862511003
33.50370601744541,-25.08039831380728,-17.125000829265993,538172882507652
32.77342831215254,-25.312953385810296,-16.11814149402168,538172922508492
33.455472704344,-25.103627745469524,-17.24450287765801,538172962516952
32.90626707824242,-24.268082114264963,-15.793627547816387,538172982513552
33.841227727841854,-25.224602573566365,-16.18100191434229,538173022514393
33.61966654969316,-24.089681935560805,-16.22711709423873,538173062515291
33.628609113606174,-24.11311100533061,-16.189351327997663,538173102508474
33.78581105266406,-24.18855264537685,-15.227008055700074,538173122512733
34.095315387276536,-24.05680576911725,-16.013740456343793,538173162513569
34.20735042135816,-23.77066958325454,-16.639243242842173,538173202514429
34.46565029204965,-25.45018479384708,-15.822496716476527,538173222518679
33.84356403714869,-23.595432493274217,-15.722856041458474,538173262511885
34.8399982973956,-24.453479410462496,-16.47529416382385,538173302512697
35.0513033877808,-24.697598744772474,-15.573853175673591,538173342513518
34.827653836326895,-24.551206304582994,-15.435666150610894,538173362510138
34.50627639508009,-23.949421905508093,-15.756092900894282,538173402518565
35.055969384999386,-24.31582950770509,-15.1048051050909,538173442519366
35.22012288348986,-23.264279847949194,-15.65476851066823,538173462515967
35.12993140829192,-24.318777539509856,-15.166817816521819,538173502516837
34.59457853869875,-22.889091439616518,-14.793851370268174,538173542510077
35.98605029783572,-24.500791470384986,-15.121634629905918,538173582510922
34.60330735642067,-23.976927571645664,-13.874913604236289,538173602507532
34.35220303338141,-24.46667503335983,-13.677975892470837,538173642508359
35.39787847244664,-23.23087035991431,-14.38445672816086,538173682516872
35.51160215584498,-24.637407635474784,-13.88175236223532,538173702513463
33.999889512721175,-22.718460825403795,-13.283988500461984,538173742514304
36.03218492007459,-24.145164331645926,-14.222383035518144,538173782515125
34.32937338707057,-23.27646387147289,-13.12724321680952,538173822508322
34.54391521878967,-23.910470348363017,-13.532092004634501,538173842512556
35.46372479746103,-24.186089404851632,-13.586533176373278,538173882513432
35.190395315994685,-24.59959620584319,-12.769096235459008,538173922514283
34.18453988674909,-21.94281529321422,-12.26690253041912,538173942518513
35.02659795771667,-23.65813500267933,-13.336480339562813,538173982511747
35.63801040117046,-24.37690524732512,-14.024459823173272,538174022512602
34.6306543960853,-24.09745557840088,-12.477287233459295,538174062513438
35.04008021768835,-23.611241468314592,-12.635165787427898,538174082510024
35.383837811632496,-24.573988257292385,-13.43397226076208,538174122518504
35.03378426587477,-23.311508029508477,-12.350841204013161,538174162519345
34.78543487676929,-23.616915993186165,-12.660680474942355,538174202512508
35.589386577480596,-23.95958670317393,-13.611053354649652,538174222516763
35.36003863032599,-24.600851140279293,-12.892245051886793,538174262509993
35.242192187804925,-23.812746509390134,-12.549772296264978,538174302510819
34.809297684142,-23.68926556328542,-13.07302712772271,538174322507424
34.828191148844674,-23.423070765998496,-11.993799725942175,538174362508274
35.23970801796547,-25.116738492885307,-12.458983046012966,538174402516736
34.785816057992804,-24.190763961093282,-12.091513693414214,538174442517576
35.88945786309232,-24.70536274526895,-13.421275018434397,538174462514196
35.26454052672799,-24.449629725229602,-11.959113114437205,538174502515022
35.350481968420716,-24.873716652847612,-11.755630188958845,538174542508262
35.19395850688225,-24.359745795011733,-11.940744845261614,538174562512493
35.11223450127913,-24.38298713325277,-11.401802660761815,538174602513319
35.207540522324365,-24.361611578130344,-11.24625415552048,538174642514202
34.6729417765557,-24.7987962770197,-11.208961315066174,538174682515039
35.647945633710975,-24.981726055986567,-12.020876056484694,538174702511630
36.61104929593544,-25.973289640060706,-12.088441242092589,538174742512461
35.076935216696654,-24.905822620946,-11.256185800842893,538174782513301
36.26252800466524,-25.449975792838277,-11.957230903553763,538174802509912
36.06977409124693,-25.84604030535603,-11.510880298001538,538174842518324
35.03080801731889,-24.758642979749894,-10.856065105001154,538174882519145
36.027463226213385,-24.690020734672245,-11.802805948240504,538174922512380
35.25446053771783,-24.168808204693303,-10.615906579972203,538174942516616
36.08703033897714,-25.93429825609463,-11.28491741615918,538174982509856
35.47264699811598,-24.53497117912998,-10.620596361814941,538175022510710
36.85156312105933,-26.165378060170724,-11.293145717547226,538175042514955
36.555093002658495,-26.44158182846695,-10.411075233842027,538175082515757
36.877066621928066,-25.81260545731119,-10.947879772846944,538175122516636
36.227155728777696,-25.420678377538533,-10.374886262837087,538175162517458
36.26695689958065,-25.12590004291072,-10.675882823469609,538175182514054
35.99187285313413,-24.160749696649116,-10.117908189709677,538175222514880
36.74023044008839,-25.440395695828236,-10.10576778582352,538175262508110
36.23155779539897,-25.38380226562306,-9.706262264700491,538175282512332
36.69317015405715,-25.6205908535465,-9.714572313692742,538175322513153
36.129107273110904,-25.22233710713315,-9.443341859295362,538175362514002
36.7047619930475,-26.285930289208956,-9.270467680537504,538175402514818
35.88246251914097,-25.593085401588038,-8.37349694060967,538175422511442
35.96268821778326,-24.843559379790182,-9.076196634523276,538175462512240
35.8815092839614,-25.110753140572996,-8.540797236618793,538175502513143
36.15522890639334,-25.75644091325322,-8.071025608944533,538175522509777
34.73054964141877,-23.854757199109333,-8.076809782396234,538175562518141
36.485853019667495,-25.664510183267478,-8.949710694341029,538175602518973
35.36445462629379,-25.294829874331406,-7.465960152353639,538175642512203
34.992187217547354,-24.72040307201341,-7.181227294712206,538175662516453
35.28411761983368,-25.141218372373448,-7.052919719876,538175702509636
36.69016812980387,-25.774131974245382,-8.431040597569101,538175742510433
35.77225683301204,-24.87880902896631,-6.705354331491977,538175782518947
35.84549469730381,-24.710548953078256,-6.724350162168825,538175802515558
35.79677436407558,-24.65525797192235,-6.976089257199316,538175842516435
37.07712479258589,-25.58773907998035,-6.766200774869907,538175882517285
35.72596623859654,-24.487921948522995,-6.389063948581741,538175902513882
36.07825993092728,-25.41919632380032,-5.593611913091049,538175942514737
36.17756784668455,-25.288008303658604,-5.321386682815612,538175982515587
36.152473979795346,-26.187939191635895,-5.31299660304097,538176022516403
36.02956474746537,-25.81307005511652,-5.268227092647681,538176042520653
36.680625737182645,-25.550654669424983,-4.823730611955558,538176082513897
36.12830708102947,-25.608536981787122,-3.9530854749992606,538176122514734
36.17071946701857,-25.769387284449984,-3.6604854839877747,538176142511344
36.76778974221854,-25.990088645855284,-4.487001619434554,538176182512217
36.11539906284267,-26.42784222330817,-3.710924668963441,538176222513058
35.89538523683036,-25.346716925937052,-2.9369459951021093,538176262513890
35.84746474230755,-25.289711074956074,-3.2845097750631242,538176282518106
35.86131618132694,-26.5519867771392,-3.2682389026150935,538176322518919
35.76203809538274,-26.077064995586856,-2.7206041927932127,538176362512101
35.59235877879214,-24.785427344624757,-2.656159070574544,538176382516307
35.53986158993374,-25.865652772659708,-2.617646311345821,538176422509542
35.80673049220032,-25.371433363962623,-2.218829571141154,538176462510397
35.56124596992464,-25.259057030520754,-2.0100074929530076,538176502518853
36.55191621954084,-26.169546582411478,-3.609393235927434,538176522515491
35.332070427870775,-25.875761809531237,-1.9011873258040786,538176562516269
35.86027268767064,-25.341386844951835,-2.0706190792862333,538176602517091
35.807279806987225,-26.491875288104275,-2.64153695547433,538176622513691
36.604309577676865,-26.21545758164887,-3.055299814331245,538176662514523
35.38530686362234,-26.025204213256437,-1.9784761373423922,538176702507710
36.31072604174595,-26.320440548409007,-3.26265668636046,538176742508531
36.39646210703365,-27.163350566203047,-2.4507524594530334,538176762512808
36.79486726633016,-27.157315682425956,-2.9147337255347265,538176802513606
36.31129082790555,-26.4142285269864,-2.649836513874325,538176842514457
36.34434773889007,-26.153061436822302,-2.021872278356337,538176862511061
37.2065956905189,-27.507163451800572,-2.3953804320566503,538176902511906
35.94678009854072,-26.722312143428724,-1.8002286063447461,538176942512756
35.811080253539565,-26.12629941136878,-2.3025292721451627,538176982513559
35.79466759290039,-26.266243282103755,-1.1178862677518844,538177002517852
35.75744946524234,-26.979946790513235,-0.5289699935835104,538177042518664
36.388294952618516,-26.115049607928807,-1.8014137695301133,538177082511851
35.36739613748483,-26.333473213561195,-0.7519800252165141,538177122512682
35.94486632209263,-26.781168215004293,-1.1935624947440129,538177142509278
35.291136879086984,-26.310823952310606,-0.701761384702505,538177182510148
36.30434269695581,-27.086286153607997,-1.0969371543709898,538177222518612
35.71100564838385,-26.890642973667713,-0.7315916037566125,538177242515247
36.166325934013855,-26.697803408867422,-0.6097227482709299,538177282516136
35.65410743185604,-25.60594961201534,-0.6430209655659341,538177322516977
36.73186321366104,-27.330308254974806,-1.4385927850062592,538177362510192
35.7446573359598,-27.245196953669346,-0.12939583450797382,538177382514413
35.81762450532159,-26.182526808820946,-0.291073680040579,538177422507624
36.15148868802623,-26.746896361983545,-0.6719463790412825,538177462508478
35.43841462291849,-26.096819221252282,0.18418954336594023,538177482512694
34.93857254418196,-25.098707199779504,0.39198293567867704,538177522513514
35.80056014478408,-25.562258628455314,-0.035073259801448466,538177562514340
36.08359704598886,-26.18038223976303,-0.23336405018694875,538177602515156
35.67146924362542,-26.508510912740245,-0.38277470575393246,538177622511742
35.11776636735982,-24.930604016088708,0.4742631128194538,538177662512574
36.394905710449905,-26.127782624246343,-0.44519554037679293,538177702513415
35.918061545211124,-27.45912893637548,0.3479311998955841,538177722517655
35.54087818897152,-26.30140401058394,0.5651474470735234,538177762518496
36.213330261332,-26.409875632334625,-0.08715074909789744,538177802511731
35.45031018125057,-26.56019248841785,0.6061674595384888,538177842512605
34.45073402401101,-24.98506205712791,1.0844750672697505,538177862509205
35.83588077876535,-26.398406528930106,0.5782964236760558,538177902510065
35.32146492737051,-27.24507215989546,0.9602815303088504,538177942518535
34.11888596859782,-26.160791398812503,1.7699267080689958,538177962515116
35.07032805088228,-25.790505317257843,0.7447199934275083,538178002515899
36.08551687721917,-27.67642563542185,0.6368191273468191,538178042524375
34.6034011772357,-25.8039694259594,1.7976198865562532,538178082517591
34.600121525069405,-26.31536950793437,1.5157043593006816,538178102514177
35.22568417170754,-26.806231925319395,1.156248474937173,538178142507351
34.8352700167561,-25.721970533619444,1.9153054409407844,538178182508152
35.1793274165297,-26.44473419072506,1.2000455620597321,538178202512374
35.647665503070726,-26.665329412001235,0.9081449128291943,538178242513220
34.888407647938955,-26.60352733277934,1.6649165593416437,538178282514089
35.13124616797605,-26.446012346592937,2.333858745433499,538178322514954
35.5313209857956,-26.480974565182528,1.3391215683325324,538178342511516
36.3140628928751,-27.292788493766093,0.18067360187778292,538178382512366
35.41166073948432,-27.577456681004204,1.8319340088834812,538178422513197
34.98132807112409,-26.150076793642057,2.5853127583817463,538178462514085
35.42759232818382,-27.519536398314326,1.3849821902690636,538178482518301
35.3291722754034,-27.73009925075604,2.5516277256906106,538178522511531
34.398506220878616,-26.3665334175899,2.8082391495548995,538178562512438
34.950210513484194,-26.212882342459018,2.443609089039661,538178582509033
35.4332733728065,-26.767101295993022,2.669934146713237,538178622509864
35.696430466346584,-27.790226239668193,2.4472365234325504,538178662518263
34.593997601527164,-25.680960308227906,3.2432172034699045,538178702519046
35.3997932125877,-28.263940003820633,2.3853212350101862,538178722515642
35.90447447536874,-27.682550802162698,2.160314395197963,538178762516469
34.644782924875756,-26.542447023024028,3.1068924766464634,538178802509694
36.16952205502805,-27.815183762917567,2.2401674696221314,538178822513900
35.89012283240292,-28.586327312069724,2.270733933484651,538178862514764
35.436600789570804,-27.423739455707096,2.607831849692774,538178902515662
34.81355448228425,-26.44580987570718,2.529281279009239,538178942516469
36.09254447436261,-27.75498946291545,2.3930319763971086,538178962513065
34.413242278805015,-27.095964878274156,3.5939594309710317,538179002513858
34.78299018467409,-26.463441873037336,2.8441163429148926,538179042514713
35.19658523602176,-27.13876862162653,2.9029090201156555,538179062511333
35.25711431716965,-27.030898908293747,3.5466190523065126,538179102512227
33.839450940419475,-25.550425241409737,3.705318924704133,538179142513044
35.02529401225372,-28.646080019405055,2.898619217408791,538179182513932
35.63093185206745,-27.406779165016022,2.963182537631157,538179202518186
35.2285904630603,-26.759350657534952,3.474885225201039,538179242511420
35.192933557531134,-26.95648842061817,3.24066432860626,538179282512266
35.25674535048601,-26.71542800691794,3.1973465014746054,538179302508848
34.68489742861911,-26.03180606702305,3.4594249965369315,538179342509694
35.16533507156104,-27.394266950936895,3.6722105926721382,538179382518149
35.041259942016936,-27.99084389649746,3.3974303809267683,538179422518981
35.50615194688398,-27.4641716444457,3.731711004052427,538179442515562
34.6724900734702,-27.08455399949009,3.9902791749846096,538179482516383
34.74459541843909,-27.293591184911584,4.1801010846207305,538179522509603
34.87134748125815,-27.32314428498058,4.1480082627158446,538179542513852
34.448750010721504,-27.22448073483367,4.402446995314554,538179582514679
33.67401396173674,-26.403805158548476,4.884471512194159,538179622515511
34.7774277337394,-27.729012044910007,4.315628521309066,538179662516375
34.03914208748397,-27.433837749124237,4.302057005603742,538179682512995
33.68402052460202,-26.98498359128314,5.082293413039277,538179722513841
34.87229289654967,-28.63884034105442,4.513374562740626,538179762514672
34.684120364174326,-27.516859235941055,4.328490638434935,538179802507911
33.563009552101946,-26.061795495743638,5.312791853163515,538179822512166
33.799827235219944,-27.832797026287867,5.056162221692503,538179862512997
33.536181099612094,-27.06035008175895,4.980925256623349,538179902513832
33.61322728103513,-27.6764265415494,5.647893974006472,538179922518062
33.729621018674,-27.39125678390015,5.2088512125260715,538179962511268
34.767223712688306,-28.29053127559643,4.500758491281145,538180002512081
33.24104152449731,-27.03787463696004,5.800329757719827,538180042512893
33.13418576165162,-27.110600182431796,5.680542764274057,538180062509411
34.233638152055235,-27.434038169814475,5.166018224440661,538180102517877
34.48518710248969,-28.492048251701963,5.144832385672796,538180142518708
33.43093310216183,-26.299284682413994,5.958047686079345,538180162515304
33.826564841466826,-26.941925269363303,5.290217769351123,538180202516144
33.30443106230771,-27.485847240844542,6.401723368639052,538180242509365
33.092315306117456,-26.894983639851578,6.828579492445557,538180282510253
33.136395691599766,-26.112054721080348,6.376506374653856,538180302514484
33.872510929309925,-28.551997368405292,5.5949517660390695,538180342515306
32.287284594316766,-26.38138337477531,6.692023246506696,538180382516132
32.87358150918373,-27.16758659250412,6.4967693986706445,538180402512728
33.68617469141544,-27.49913905122666,5.647430463530689,538180442513568
32.79244744739685,-27.704947631369084,6.972363247029304,538180482514448
32.92825423540901,-26.783928396032262,6.583474844783687,538180522507707
33.33960444000926,-28.01406613435728,5.724449466360431,538180542511970
32.96546153847239,-26.976117778517906,6.881268070943375,538180582512805
32.79253954822229,-27.420558357416763,7.136703149553753,538180622513641
33.337228080903195,-27.34958494978787,6.393079684383299,538180642517862
32.50468659269723,-26.788560013822142,6.7934758203377275,538180682511069
33.2758469915106,-27.68031141139102,6.511968156174194,538180722511866
33.53966939864443,-27.977749941420072,6.17426212534434,538180762512673
33.876594644255874,-27.53371766329221,6.285164314466292,538180782509259
33.636836733025355,-27.92506570937399,6.676652847186072,538180822517714
33.904044899051854,-28.18503703303641,6.246541534467392,538180862518564
34.12583829338698,-27.727399194610964,6.353555103810269,538180882515155
34.249007977819176,-29.20859338189838,6.446640182993225,538180922516049
33.42737411008605,-28.192074168817904,7.261483380918085,538180962509255
33.36793087405793,-27.482381395670707,6.667008955688557,538181002510052
33.39837040171876,-28.083153170181113,7.51388680313304,538181022514263
32.91535172122512,-27.76474761937826,7.4178869813035035,538181062515128
32.816566715359,-27.443811814665676,7.6419802082658,538181102515979
33.127029968035636,-28.00267370860517,7.556156270546925,538181142516789
33.41971104372553,-28.16760846346471,7.541756655264124,538181162513385
33.02625297695901,-28.01020768337733,7.174572066442184,538181202514265
33.11479471350406,-27.690009698609728,7.474170401222527,538181242507500
33.74451114041218,-28.79689589769763,7.461343404666017,538181262511739
33.30401047099122,-28.82240085856015,7.908039370728016,538181302512589
33.09165435736861,-27.478121876654757,7.220314435092893,538181342513397
33.48927665260347,-27.59661411359104,7.563109956887831,538181382514219
32.407336395070615,-28.29981509700678,8.329510201686865,538181402510796
32.60702777281549,-26.919379260402618,8.156167433074145,538181442511612
33.493560818234364,-27.678655365609693,7.353066036884425,538181482512467
32.73583979017332,-28.260355219274274,8.0169922766846,538181502509082
32.09313437368481,-27.573594169574115,8.035696473665874,538181542517524
32.785270452351774,-28.07687235337062,8.009663218687045,538181582518403
33.34426937766508,-27.908510770603726,7.903523218361237,538181622511605
32.226477765829436,-27.820034711194115,8.30305586276031,538181642515835
33.09129968861401,-28.25595881035022,8.13003201988529,538181682509070
32.879881358425514,-27.231502818799008,7.827080318203109,538181722509906
33.97687106552882,-29.546727240343035,7.516207606746218,538181742514141
32.825270448393326,-28.40604118779117,8.503661616385429,538181782514980
33.3084718766031,-27.954282274008804,7.742880900676368,538181822515786
32.12046063526251,-27.40532825920134,8.770591379179976,538181862516618
32.22691474021315,-27.579239090763398,9.237573861132349,538181882513200
33.290390882917116,-27.94674687859599,7.81376861619146,538181922513993
33.03379265636125,-28.25569445805945,8.900591489964542,538181962507199
31.558194407567285,-26.32153041217268,9.719763612228451,538181982511419
32.46489834409561,-27.782028788137268,8.263830864920756,538182022512260
32.70118380793708,-27.30265138288547,8.690089522924339,538182062513125
31.93095582987199,-27.558026291163245,9.48816151657777,538182102513918
32.46176215882917,-27.360733468831018,8.636035903350148,538182122510519
32.51509312311252,-27.759719385909975,8.328042624642789,538182162511359
31.99364516698557,-27.183038182880118,8.854939094260969,538182202512199
32.16450216938727,-27.63085145037452,8.49352279544291,538182222508814
32.62253356619946,-27.56813034711672,7.636872116385332,538182262517300
32.24973576124851,-27.884670831927867,8.19101696423774,538182302518206
31.993246007146045,-27.290369665738183,7.898953342936828,538182342511432
32.701060304744274,-27.658009785812048,7.675948417167404,538182362515662
32.28303540835981,-27.648221563449816,8.007068988424642,538182402508878
32.806510097801514,-27.858127191383538,7.354361469435068,538182442509714
32.24870251180946,-27.51793646450056,7.646914834609752,538182482518136
32.72573994273063,-27.617302831176087,7.345457045891276,538182502514741
32.230121894225114,-27.272156877323066,7.809953398213006,538182542515591
32.03159292738138,-26.719418505165258,8.273259391190052,538182582516408
32.68992972049286,-28.020457114896903,6.881332856665233,538182602513009
32.478924436041346,-27.689958383317144,8.293472306626306,538182642513807
32.49021061471901,-27.916196692189118,7.699659094899362,538182682514672
31.743662574685604,-27.21244620797105,7.6503898058582305,538182722515541
33.20889202534575,-28.964503587278394,6.8938249465593895,538182742519751
33.31516401506821,-28.39497491703036,7.32983217217952,538182782512958
31.964100599296426,-27.47233217992851,8.121928019203905,538182822513812
33.38941506608289,-29.18945053140677,7.014638224709501,538182842510379
33.33334566431334,-28.312915309272594,7.087359317251133,538182882511210
34.24961625042932,-29.88398782146612,6.07431834918802,538182922512031
33.18540025877925,-28.636244037879056,6.994885686147493,538182962512815
33.977209983346164,-29.563938443886464,6.482077821012556,538182982517051
33.09403978966813,-27.89747630531065,7.650774919909882,538183022517890
32.23634206291513,-26.488617012166305,7.469432318362615,538183062511124
33.060230629658896,-28.141058750299155,7.048905591503005,538183082515364
32.579187997503645,-28.158742299488363,7.481689533204758,538183122516210
32.72146077918557,-27.693724877195635,7.83382587735667,538183162517066
33.131913454558706,-27.782899257279045,7.312913983602281,538183202517926
32.95445372027569,-28.623670578982424,7.33020117915897,538183222514546
32.90961969892978,-27.796793862051867,7.119350162662779,538183262515377
33.46802749461337,-28.827164902624503,6.8009505678000775,538183302516233
33.503626851803844,-28.929577095856008,7.5100925451795515,538183322512857
33.81797063056997,-28.76869608023028,6.7135798911994975,538183362513673
33.22975357686414,-27.63818439585348,6.829903265237754,538183402514514
33.75073699869514,-28.452057848409442,6.934046047474699,538183442515325
32.18755623018474,-27.36469180395306,8.16768885982571,538183462519546
32.32281802256149,-27.22684129807172,7.735616646617534,538183502512753
33.630174281309245,-27.13622302733935,6.701920232556454,538183542513579
32.36579547496173,-27.949094873407276,7.349059250290822,538183562510156
31.63082926837099,-26.319520579455954,9.41658292642803,538183602510948
32.14018328812347,-26.310376807932435,9.214896631085574,538183642511774
31.385737534064333,-26.935515494508042,9.873937197795764,538183682512653
32.7651466831253,-28.17499437761752,8.861494688140393,538183702624018
32.039433703207834,-27.057493184909283,9.497070494274615,538183742839166
32.35269660771439,-27.862977224247178,9.205595222513113,538183782939517
32.926315,-27.718178,9.217891,538183822940419
