-0.006548,-0.220486,-0.011027,538148030566750
-0.008166880883850071,-0.14963168925040887,-0.010127740286880281,538148080768245
-0.00997875775140293,-0.10388762331751834,-0.006920733042310432,538148101764183
-0.010559813679202102,-0.0706334377080535,-0.0033337662206365084,538148141772644
-0.004469097307948478,-0.02556701707309991,-0.0008788669235524732,538148171771408
-0.0010858593632975106,-0.006235422259002345,-0.00021467518901503407,538148211749442
-0.0005919623007378573,-0.0019582737967282484,-0.00010936725146102851,538148241778663
-0.005566250331823482,0.014410460418830566,-0.0008785950620752089,538148281756552
-0.016107886578641404,0.051165301754314524,-0.00034786997290118046,538148311755302
-0.012471524706791795,0.0590921185562925,0.001472924554253104,538148341754018
-0.005661853589585914,0.0624009168535197,0.002519263015352682,538148381762537
0.0016742018631727606,0.05750220399290458,0.006040347088579302,538148411761302
0.00510609119176382,0.05885795634099476,0.009125808089488518,538148451769773
0.001184984671588564,0.0003391536489868944,0.0008217130080388619,538148481768557
-0.003036086327074489,-0.0036550134351911153,0.0010142454848326304,538148521777029
-0.0037582964348965636,-0.001590276624879486,-0.0011226930874309062,538148551775817
0.0037145534881135316,-0.0008105011939534413,0.001714971806982325,538148581774514
-9.973132347716301e-05,-0.0015242781722178906,-0.0013208106213280638,538148621752494
-0.0030917256920423466,-0.012797676936795122,-0.0032884718222756155,538148651751269
-0.005478831679257892,0.16224733273521685,0.004909375784967957,538148691759710
-0.0026901479622282146,0.14180412771403436,0.005858896881304437,538148721758475
0.0025595007828745704,0.1278917369984651,0.005063365839887247,538148761766926
0.00911189123167108,0.10240479130001373,-0.003377829699060134,538148791765614
0.008329249076622391,0.08397377383268723,-0.006348544887866033,538148821764403
0.006869562752468656,0.05906046579576055,-0.0066364599309632075,538148861772845
0.0015733790724939702,0.012418129407875051,-0.0015883778529428901,538148891771591
0.0007084263600003457,0.005600863449046832,-0.0007150944198069644,538148931749514
0.00024897649130775905,0.001973624971801626,-0.0002512766057268362,538148961778836
9.634295894314948e-05,0.0007639657693458908,-9.725007748445365e-05,538149001756754
2.4858115441828668e-05,0.00019561842341118586,-2.4851187469512898e-05,538149031755542
5.9384737502773404e-06,5.255764362825868e-05,-5.938293199887324e-06,538149071764013
9.288565826021177e-07,1.1681735310905326e-05,-1.297085656080382e-06,538149101762811
-2.171620847233641e-06,2.536408741469973e-05,1.4618784648164776e-05,538149131761500
0.0011939087583718515,-0.004971529821181708,-0.003917829873087723,538149171770028
0.0020528667884318116,0.0005172535346249819,0.002097234909870614,538149201768726
-0.003053065170911689,0.0013438485767441983,-0.0017454194975632515,538149241777259
0.005281414085787691,0.00378692164562368,-0.004786296931322429,538149271775962
-0.0016241848061688147,-0.0022278585353610633,-0.0031335778809648105,538149311753966
0.003980953326932471,-0.0033836957940632704,0.003081113882377284,538149341752648
-0.003948516387519146,0.0006303725762147137,-0.0016123647937723571,538149371751426
-0.005575420787631896,-0.001701327708906699,-0.0013049101351432263,538149411759883
-0.0003142811768363982,-0.0036574489077187307,0.0007830245930935198,538149441758662
0.0024822185400197134,-0.000864705720804787,-0.0036037546263519363,538149481767133
0.0033870396090560453,-0.00034487370755687934,0.0034417013523756123,538149511765902
-0.0015581199275919973,0.0027084876605570833,-0.0011389394052646051,538149551774375
-0.0004325028811060428,-0.0006624233992289848,7.318782492996478e-06,538149581773067
-0.004543299762543766,-0.004820176721289485,0.003997748731115061,538149611771831
-0.0006449672215055513,-0.0033052609199047587,-0.004694854420390608,538149651749784
-0.0034010231257966413,-0.0011773186068381838,-0.0038412849008765643,538149681748481
0.0014070932858163772,-0.0015265023370295183,0.0034742434948779864,538149721757010
0.003409895391955473,0.0013856155533602762,2.443865345948601e-05,538149751755682
0.0006223971528296084,0.005182896468656399,0.005361457381502026,538149791764172
-0.0025455074935701906,0.0014575619888547195,0.0027794820924536196,538149821762931
0.0026331669495111153,0.003361581865548226,-0.004843326952725041,538149851761687
0.0023262167419879037,0.00367289882543645,0.003313000500456994,538149891770186
-0.004385386759662643,0.0006090333778961366,0.003866960673703528,538149921768883
-0.003253894941958778,-0.0007422795365012305,0.0011089694848627793,538149961777370
0.00017620458964251614,-0.0026932459953522645,-0.003606498574228013,538149991776067
0.001817866760255257,0.0005966748795536947,0.004257577371737531,538150031754076
-0.0008195614991448665,0.001092660407905564,0.0023008063667311167,538150061752755
-0.003129802063586524,0.0007860231591867953,-0.003780735210358715,538150101761283
0.0037267278048018593,-0.005925569536145883,0.00454394785071224,538150131759999
0.0038749559221975594,0.003172079085874257,0.001657838940598419,538150161758831
-0.0006781352092168361,-0.002176842587964303,0.00027760112864751716,538150201767291
0.004413736000174218,-0.0023211829207092946,-0.003849187834827416,538150231766066
0.00246783320261479,-3.388681578209572e-05,-0.003054735195953002,538150271774546
-0.0011565081257778635,-0.0007397596534984942,0.0035364072717618484,538150301773326
-0.0029199161183683974,0.0013141629950495486,-0.0009180366121281547,538150341751230
0.0007444863912215901,-0.00442393065041851,-0.0006074849518791731,538150371749965
-0.004405041571798258,-0.004815009753177441,-0.004325057209350601,538150401748668
0.0026596839471501915,-0.0021319599057902515,-0.003955346557796491,538150441757221
0.001437137317226167,0.0023753954262666953,0.0015118452143592824,538150471755921
0.005210485569116927,0.00044600005726929553,-0.00194107872734746,538150511764480
0.001179702723062373,0.0028293753674407817,-0.0017345035331068274,538150541763172
0.0014663339187907232,0.0019944352434510143,0.002376611756334434,538150581771648
0.005452344836066458,6.102184120382278e-05,0.004849685334015094,538150611770388
-0.001146186785166977,0.004366968374186847,0.0026761018992634096,538150641769129
-0.0002664194036440294,-0.0006048682678496146,-0.002308588902726575,538150681777566
0.0038896461499850032,0.002710883433779847,-0.00201917512652293,538150711776240
0.0013931055821886722,-0.0029388112834084264,-0.003123635024700056,538150751754230
-0.0031562233883871706,-0.0028405110264982714,-0.0012837537157481373,538150781752999
-0.001873618040611717,-0.003558136624090054,0.00047744970889501855,538150821761495
0.0038133945272357194,-0.0005511368284313628,0.004441453174822497,538150851760264
-0.001256308325503294,-0.0019713832181585712,-0.00366833157939198,538150891768745
0.0015253918492632212,-0.0018678485945858967,-0.0008018538523659233,538150921767432
-0.0033940639575932466,0.004414760044289058,0.0028586124644077735,538150951766206
-0.003081945509119567,0.0011947751590907101,-0.0011536566635561693,538150991774687
-0.0014287912993314503,0.0009541326904211225,-0.003688196241253286,538151021773466
0.004361191052950831,-0.0005909607092529235,-0.002000103980605428,538151061751374
0.005662260680795643,0.0006191618426382595,0.004252631811643164,538151091750144
0.004953741912286421,-0.004103321397413806,-0.00406212765351916,538151131758648
0.004265713780390913,-0.0003511808548586571,0.003083350667279908,538151161757360
0.002469072341556239,0.003224592482004766,0.00046225181459719406,538151191756033
0.002283993664443101,-0.0010367695546825075,0.001911698501083219,538151231764567
0.003398941104114344,-0.0034980389114253533,-0.004390734027641109,538151261763283
0.0008372819077584712,-0.0021862996967629425,0.0030358396264086613,538151301771818
0.005203815473859449,0.0012915428437315197,-0.0026954222766676843,538151331770534
-0.004954545030469053,0.0020468839333347994,0.0038700820156052015,538151371748519
0.0011349266443974669,0.002072932113494615,-0.00013881435815160396,538151401777755
-0.00428056226869629,-0.004981395175654237,-0.002046092635591101,538151431776533
-0.001957655551765892,-0.0023632597769794365,0.005313375966201127,538151471754432
-0.0003471255610175991,0.0008171458757427459,-0.0011040037039209136,538151501753207
0.004090054838767952,0.0034725774397524785,0.0009191492449489272,538151541761686
0.00415656642505576,0.00021108142032700617,-0.0021750952612086525,538151571760466
-0.0026536164478298107,0.004572035127790242,0.0004923716262434627,538151611768889
-0.0025881420788659197,0.0014449519764656495,-0.002410201892058667,538151641767639
0.0038924938257051075,0.0043282569477160115,0.0042583697401364,538151671766346
-0.0022132303197868837,-0.0009443480449040516,0.0023705811104793736,538151711774826
0.0014027377580992772,-0.002097047666867512,-0.004429050067360637,538151741773567
-0.0012490443390067926,-0.0017832831450708474,-0.001356450132918647,538151781751548
0.0033564127835097393,-0.00032197839099955733,0.0023826106765150283,538151811750230
0.0003382809569246682,-0.005304396165639038,-0.0033387748724157096,538151851758769
-0.001231005462019875,0.0007210388436896613,0.0007353999051677248,538151881757432
-0.003133561810899198,0.00040608178966365074,-0.0017030608046204824,538151921765885
0.0007309139486754234,0.003921680125108839,-0.0035850937415362965,538151951764649
7.21561764153826e-08,0.0037107389052194765,-0.0033393027653901347,538151981763447
-0.0007882316096538372,0.0018303742619238885,-0.000532367751111721,538152021771923
0.0011685205862694038,0.0014549742700119771,0.004490742591735195,538152051770639
0.002804677656307131,-0.00024942297361775544,-0.0038199130630555424,538152091748669
0.0012641601869344769,-0.003227466797274572,-0.0028441842117410856,538152121777874
-9.426601642390427e-06,0.0024086545770175554,-0.0017086699680380596,538152161755879
-0.003607242355639395,-0.004018318996499805,-0.005007410048685616,538152191754572
0.004112380323201309,-0.0003821004980303557,0.003595383546135511,538152221753331
0.0031741090199903983,0.0004060619479609545,0.000268682076176971,538152261761803
0.004675267603451836,-0.003921105647624448,0.0014627997601491666,538152291760601
-0.004477645431795019,-0.0029520205507723054,0.003035557911171629,538152331769091
0.0016123335549749038,0.0012694553749034133,-0.0009096168122922088,538152361767865
-0.0012375444434890824,0.0008758832418838626,0.0034264083778769733,538152401776317
-0.005694122368789149,-0.004585340006169689,-0.0035772767971299878,538152431775091
-0.0009073152342284086,-0.0023493271862391595,0.00010728399157995205,538152461773788
0.00017291049259728175,-0.0028590671271203,-0.0005171301982551271,538152501751802
0.0028386973437071906,-0.0002492985939867385,-0.004167373980881886,538152531750534
-0.0024946482640465133,-0.001032737446494942,-0.0030476078384594524,538152571758956
0.0021735052693681073,-0.0009567462219196684,-0.0021099945488773156,538152601757649
0.0017966000149830473,0.0003809411713628641,-0.004338059208988397,538152641766120
-0.003122085143752247,-0.0045434635347374585,0.004775286100687431,538152671764880
0.0018058212752438889,0.003259537720580936,9.791098000122046e-05,538152701763538
-0.0029445038907735125,0.001238763961402703,-0.0014168494867526642,538152741772096
-0.003206561866702742,-0.005057642107722397,-0.002996075531257074,538152771770744
0.0034239780969391744,0.0015224501773653252,0.004013721926555633,538152811748773
-0.002345883076547588,0.00197292032772909,-0.00041315357712256575,538152841777989
0.002090979274051324,1.3575277439887014e-05,1.891895262426361e-05,538152881755994
0.0033209467898146702,-0.005569699198656762,-0.002599952042957172,538152911754681
0.0012930680072958277,-0.004161009166250023,-0.0016897214210117788,538152951763114
-0.0007545307750805338,-0.0010911136971607834,-0.00155984451665027,538152981761899
0.003521763529608995,0.00033790136907548723,-0.0022793566696988053,538153011760664
0.0012174674346636292,0.0010124328562362182,-0.0010021064004857893,538153051769139
-0.002604565019906295,0.0018125583847148343,-0.0008079920283361349,538153081767817
-0.003928119067250901,0.002603311100038134,-0.0027138785975985382,538153121776350
-0.0028400717850765077,-0.0040209942088894135,0.002553009083775213,538153151775053
-0.002878553679059457,-0.0006884913039381954,-0.0029168271255135938,538153191753066
-0.0016474499616061476,-0.0006436616494127561,-0.0008618627892002145,538153221751768
0.0048904150202103485,-0.002147359663668574,-0.0033890104304651093,538153251750571
-0.004219150853752538,0.0046315851069467905,0.0037773197494606185,538153291759037
0.00047119565513209223,0.0030625012495510764,-0.0033695550108653258,538153321757826
0.0038596391980652354,0.003239711156716273,0.0005248937537049655,538153361766273
0.0018954174096924745,0.0004117589098835969,0.004043834214932,538153391765008
0.0021342828405271413,0.002869942541294777,0.0028359778293275263,538153431773514
0.001427264171649776,-0.001777366241303452,-0.002739817835896533,538153461772178
-0.0008713540234488266,0.0026695126348601195,0.0006814044824981382,538153491770952
-0.0008621826565440029,-0.004954322663067288,0.004943961860295696,538153531748885
0.00033040448431511483,0.0035798177792838995,-0.001552014867748354,538153561778159
-0.0019415795702485983,-0.0007748433602173589,-0.004013284392118467,538153601756073
-0.004753393101282313,-0.004253028583188476,0.0027742879010895635,538153631754856
-0.004224476827775903,-0.00029117035004901716,-0.0012622939677733335,538153671763332
-0.0023746710531630816,0.0014976700334755995,0.0004730661466389622,538153701762024
0.0013523041078847746,0.004189789465082058,-0.0018072550233227173,538153741770529
-0.005657267437451623,-0.001143465634201527,0.0006614080539447982,538153771769255
-0.0027187947176425726,0.0035074644009522775,-0.004312080789087963,538153801768014
0.000738246068973762,-0.004207532725090549,-0.004794192069645941,538153841776452
-0.005089866875446213,0.0014412245067266165,-0.00527683225609304,538153871775225
-0.0002620086392275017,0.0037186040698220435,0.003411976414500164,538153911753139
-0.0006140973011158293,0.0017750730175578925,0.00215046421979157,538153941751922
-0.0009643112130582999,-0.002934146167078733,0.0010506120260770817,538153981760383
0.004182338156975544,-0.0023986052816110637,0.0011499609223991284,538154011759135
0.0013552616513978757,-0.0017727611910363455,-0.0036304345818668113,538154041757836
0.0016823190429761919,-0.003953812397286958,0.0038772820059850355,538154081766298
-0.0017564862836812168,0.0035740811218446284,-0.0023860289586838932,538154111765072
0.0003370663945418159,0.002414488630521448,0.00033440325888648803,538154151773520
-0.0009908351043854992,0.0019416541375511516,-0.0013575183761393328,538154181772293
0.0008843432332508737,-0.002596467172261941,-0.003844019352866247,538154221750192
0.0034465348130911814,0.00018096167871011786,-0.003774514401658613,538154251748966
0.0009014831009764423,-0.00020546214481817926,-0.001789834360765619,538154281778202
-0.0006115524756730774,-0.0020964835607485987,0.00010663627617981528,538154321756221
-0.0018452865383339946,0.00046427870327903206,-0.005864359397803874,538154351754923
-0.004609026007325724,0.0036791378956467086,-0.0031352868227696035,538154391763370
-0.0004798542583483702,-0.004708671197924427,-0.001986119951840051,538154421762188
-0.000475372742801751,0.0017755015937738505,-0.002877350020772989,538154461770591
-0.004821358761277894,0.0012629016880914999,-0.0005545913546189932,538154491769366
0.0008324557368450506,-0.001004429810880379,-0.003458690826029799,538154521768038
0.00041435615689263804,-0.0018245967802634116,-0.003900234975688326,538154561776581
-0.003337862740626533,-0.002043858218515673,0.003231438017676219,538154591775274
0.005290467691497646,0.0018706127089329475,0.00037232810285589573,538154631753293
0.002535417638498231,-0.0014040500598219764,-0.0005917549210865034,538154661752043
-0.001919361968466828,-0.0028282261764841837,-0.0017353112830666931,538154701760534
0.0028176115774964402,0.08397549437685677,-0.022327537760341076,538154731759293
0.007865581415320736,0.0733599760018654,-0.024832895870483436,538154771767789
0.008863073195640114,0.07245165370621406,-0.0255658760514519,538154801766553
0.008262898129073926,0.07089195049190546,-0.028243844753110564,538154831765283
-0.010739206996872693,0.06870768032234346,-0.02021533175340258,538154871773764
-0.029962218214015048,0.07627338736072004,-0.01047957862303332,538154901772408
-0.0409046045173978,0.09235438677970702,-0.003804697891395094,538154941750409
-0.0411225140578567,0.11655681778917591,0.0038317888461683646,538154971749082
-0.028338953498790103,0.12370710122891848,0.014218501405018815,538155011757640
-0.015936476829241,0.11686090283052665,0.013865271866027292,538155041756370
0.0006548253936639985,0.11293185168337279,0.011198464630867773,538155071755105
0.01998582979397333,0.14159618479768318,0.017455771762180976,538155111763576
0.025334087507473027,0.1656820111220058,0.020652123946156394,538155141762273
0.028282623111624716,0.17995544102770006,0.01938335180125281,538155181770812
0.028330714239557898,0.17914550135703886,0.010679352073634019,538155211769581
0.022519800788383317,0.15867880451740812,-0.002297648929394846,538155251778009
0.0151309143440723,0.1423243516483551,-0.0037844797185766915,538155281776710
0.009325534678935633,0.13013331078433235,0.0043329874419016905,538155311775490
0.0031653618756540777,0.12924588591456504,0.03978230020169044,538155351753485
0.006347006972793493,0.1265396023999659,0.05604031723456539,538155381752159
0.011194084626709415,0.11588281517348405,0.04825655718799858,538155421760629
0.007505570838809871,0.09057840907294429,0.024349545903924248,538155451759399
0.0005987751729607111,0.07641968420759944,0.002530461412375428,538155491767870
0.004052212315546451,0.06560125320610588,-0.01472575706604709,538155521766568
0.007227626457443723,0.0590742198980234,-0.01951490384607782,538155551765332
0.01552610700874153,0.05446551780263097,-0.02223264540329318,538155591773832
0.018012198365983462,0.05589461555457553,-0.01952683635372277,538155621772586
0.01676471970503011,0.058453820105057425,-0.015680352041202054,538155661750480
0.011048814993829113,0.0606206818955714,-0.00970321626530398,538155691749231
0.003504580513730184,0.07600383595838651,-0.005629196924290589,538155731757706
0.0021428978791342285,0.09749814528221913,-0.004589624379172367,538155761756495
0.001689806948123606,0.09324105519388225,-0.006769690036355787,538155801764952
-0.0012085987433216535,0.07069587235461086,-0.012131342249064422,538155831763653
-0.004425494290946323,0.06343506812104548,-0.00627420846525204,538155861762404
-0.006429003507988643,0.08241340073314142,-0.009042135648434427,538155901770860
-0.008198623135082546,0.13451891717111153,-0.014900064661455102,538155931769616
-0.007402932260602434,0.1893876320399308,-0.004545766278736084,538155971778057
-0.00491650680495485,0.19466327010688544,0.0019879563390937383,538156001776745
-0.002124529509756515,0.1961799479265136,0.005833378741240962,538156041754726
0.007631176638676856,0.2008516217727285,0.010133113897688506,538156071753533
0.00256021085731696,0.18709606306083099,0.008224112155543768,538156101752239
-0.005621759526289425,0.1688472928888565,0.0029981549534813436,538156141760701
-0.00352761158556341,0.15312643223960312,-0.0035916015638270183,538156171759484
0.019724298560613286,0.15622078889858862,-0.010557403696936083,538156211767937
0.037981928300568416,0.16073522779851143,-0.011557227690738572,538156241766686
0.04638097722199188,0.15182126194900267,-0.01271984475165998,538156281775168
0.04070394170627827,0.12002479462681512,-0.02026582326321758,538156311773936
0.025560109844721707,0.09513136067444007,-0.02493880122400683,538156341772648
0.019902328576543667,0.08539617972438165,-0.026652532671729005,538156381750664
0.020896820181969117,0.08222180670950727,-0.026075756278100114,538156411749428
0.03953935397304352,0.10198893261997025,-0.006750773714921545,538156451757904
0.048283141377854326,0.10573628005516138,0.005226922163522689,538156481756572
0.04267459278806143,0.1010387665855666,0.009096768588707348,538156521765019
0.011818143207251743,0.09177583971258935,0.012871040923925749,538156551763769
-0.03036187175261655,0.07856274097950149,0.010571014683318971,538156591772331
-0.04016789129858939,0.07718726612637285,0.006033023169599636,538156621771023
-0.03748023628259794,0.08098785528447723,0.0017428013552524375,538156651769778
-0.02369475435825057,0.08820163744357674,-0.0013915423201887212,538156691778259
-0.015468904573538436,0.09245036911384939,-0.0013744717254010864,538156721776946
-0.011154728411121709,0.08917271513320157,-0.0002466282758360423,538156761754883
-0.008295460946793783,0.07915384807303603,0.0016458104747152766,538156791753639
-0.009632719434118331,0.07109228701285976,0.005488241327099383,538156831762114
-0.010426774199533907,0.058355516016019175,0.0058335675790299754,538156861760913
0.0017073625089987264,0.002976445373245911,0.0015570910966125396,538156891759662
0.003421561257984586,0.006316301076996128,-0.0004314286732331969,538156931768120
-0.0006651156402001767,-0.004329222698499461,-0.0012784356354468538,538156961766797
0.00208824763883022,0.0005839419124977538,-0.0024393537305816854,538157001775283
0.0034981274902773428,-0.0044319111495607615,-0.0037619805142260227,538157031774052
-0.0039705135124839174,-0.004089287227645896,-0.0021883646391447544,538157071752023
-0.01246751438462923,0.09377640060904824,0.004608549104783278,538157101750734
-0.02723383387873688,0.15875058096898034,0.006983915432355391,538157131749509
-0.025945322548344092,0.10914113138578002,0.009453067268834436,538157171757965
-0.015966586026218636,0.08410693828142192,0.008308770215591007,538157201756668
-0.007224840470355613,0.07252944129759203,0.0049422773760589385,538157241765129
0.006605023650047255,0.06391679087921953,0.006397297207606597,538157271763879
0.021382342662252425,0.056390169030155576,0.012872866154196898,538157311597172
0.03402517943130111,0.05531122736408564,0.011213637935626651,538157341771014
0.034043654580594655,0.05907043159406991,0.003840868147493966,538157371769793
0.02730285658418301,0.0619429312959787,-0.002080794216551904,538157411778307
0.030720192672434615,0.07583884439886673,-0.017696319990561094,538157441777000
0.030982809446986736,0.08377193454137162,-0.021556993018370583,538157481754909
0.025965454023562283,0.09125952647909771,-0.014240521832915735,538157511753706
0.02065088122130228,0.10774845793858906,-0.0011455475835611287,538157551762168
0.013600219442949668,0.12301621960491028,0.004652147554743455,538157581760875
0.006869146581888621,0.12993616843992628,0.007888247397713273,538157621769423
0.004374123482581126,0.1270276573919391,0.007263161688170907,538157651768216
0.014113935799547056,0.1268333976759866,0.0014990863034530422,538157681766924
0.019520444184543597,0.13486871155838517,0.0027385646589621767,538157721775394
0.018834419678835295,0.14268878728016676,0.006327820402896746,538157751774169
0.008379909967229843,0.13526209530093428,0.003831336823765581,538157791752092
0.008892144063596289,0.12803818551328963,0.0022797066964750827,538157821750783
0.016897058967563154,0.12505894360882178,0.001573694182397713,538157861759303
0.03289038365592438,0.13245355647595647,-0.0009975209804328141,538157891758077
0.03982330055648902,0.14081977683926628,-0.004023362925191554,538157921756702
0.03927925598532169,0.14076206976590766,-0.006440446852683694,538157961765140
0.044688188850784745,0.13948008971011489,-0.01479843870820292,538157991763841
0.04663633134754641,0.1297339986685865,-0.023804740529054992,538158031772347
0.03203968357924553,0.11501543943333589,-0.02377057742014784,538158061771048
0.02484869194110447,0.10570373193500679,-0.022687375628211996,538158101749038
0.01869121641681484,0.0956241971814119,-0.019635379281176913,538158131778331
0.01653116301080635,0.10182747098908475,-0.01660476324632195,538158161777044
0.019688631134947454,0.11551307527695771,-0.013344119015932333,538158201755039
0.022142253190904217,0.12698496338448254,-0.006434397647950153,538158231753832
0.023461012046501823,0.14149334105171288,0.0023263024058024074,538158271762250
0.03574972730132476,0.15855432884478574,0.005291861643257168,538158301760932
0.03902477688246051,0.16376530571247444,0.006352469561440091,538158341769384
0.01665836941333021,0.16524213104975966,0.010375551707544527,538158371768124
-0.00796906311817851,0.17292195902161012,0.019434876645678254,538158411776572
-0.013937927515859585,0.16223765963999445,0.014163979158878598,538158441775312
-0.01799892845346059,0.1473788711074242,0.011107341075883398,538158471774086
-0.017119257853442007,0.1353437449394525,0.017532991640067677,538158511752029
-0.01005141649261177,0.13049496416348996,0.012309726783031329,538158541750722
-0.0014924450905315198,0.1329323587244848,0.014476324372639536,538158581759245
0.012953160502717255,0.14012497341523888,0.024104574826472762,538158611758015
0.017330679574336073,0.13095071586611717,0.03226778541406964,538158651766582
0.0060321491227482244,0.10728188423452155,0.033102253220767354,538158681765289
-0.012588226666881266,0.07757670204803199,0.027618553964667496,538158711764034
-0.03494601330102307,0.042186249775996595,0.009854256382995929,538158751772466
-0.041017046455170555,0.028484157685330913,1.5660931276699876e-05,538158781771148
-0.027331543906896842,0.016780953281544258,-0.0020905258195381598,538158821749076
-0.008172813875215673,0.0050169157480947565,-0.0006235086748693358,538158851778384
-0.0018516992079123085,0.001136690847916914,-0.00014114089612878375,538158891756398
-0.0007519165742211876,0.00046126946492405644,-5.68574127275697e-05,538158921755124
-0.00026431833219224315,0.00016284702645748094,-2.0114607823557078e-05,538158951753900
-6.32352493818847e-05,3.762197802013842e-05,-6.564195642581654e-06,538158991762365
1.5751531153100268e-05,7.191697800091416e-05,0.00010383522228725201,538159021761068
0.0007804127369476875,0.0025534160164135374,0.004196778341456463,538159061769514
0.0001968787734320248,0.005352338963019037,-0.0023401670304827858,538159091768284
-0.0052761098009973684,-0.0008434651704739501,-0.003455262290945838,538159131776726
-6.983138708223775e-05,-0.0004562115671140632,-0.0032834675458960666,538159161775414
0.0017239458669479004,0.0014933259543638533,-0.004450111586465842,538159191774183
0.0029606346733035715,0.0050666579019359595,0.0026425349781670003,538159231752197
-0.002256627444719734,0.002739171662778332,0.0009854172904925425,538159261750880
-0.0017528361988950305,0.0004236920146931243,-4.4673642285003493e-05,538159301759366
0.0036530748645482803,0.0013740481218632947,-0.004356953012692732,538159331758144
0.0026463011350582022,-0.002350069480065939,-0.004884441532975055,538159371766606
-0.003877735773071362,-0.0035221019674870954,-0.0010739844471034325,538159401765288
0.0030445006051894583,0.0034077873316683835,-0.0018599897314066267,538159441773846
0.0038215709021743958,0.0025365732587604253,-0.0012370990566977714,538159471772606
-0.0023591352114867535,0.0028930330084596155,-0.002683509556751362,538159501771279
-0.0062253794649010045,0.026614625357989075,0.010840879463027742,538159541749222
-0.02134995899475038,0.10146219554922982,0.029998565040997828,538159571778538
0.032838675093140424,0.13869892282283533,0.024732874296021858,538159611756476
0.07152494801559567,0.14984765073442016,0.006308397413949703,538159641755153
0.07641664869328754,0.14142606460311705,-0.01736715847061115,538159681763683
0.048132968448445966,0.1255992584409465,-0.04716133992620271,538159711762375
-0.0028177595325859367,0.11305080332680165,-0.05447189878300235,538159741761120
-0.0347792434724447,0.1077963280519817,-0.05150688963611986,538159781769577
-0.0475160770031823,0.11180228815142557,-0.04609692504026447,538159811768312
-0.03569975632404486,0.10394019643270955,-0.04067924818926929,538159851776750
-0.027437889633158404,0.08259831572771079,-0.043925522784387806,538159881775442
-0.017867967398388584,0.067074519429713,-0.049888638628607075,538159921753447
-0.0008963410796804032,0.06404484889433822,-0.053699801190430954,538159951752111
-0.001807889838361553,0.08363771202953808,-0.0460352067647126,538159981750861
-0.004891474752662093,0.09006482947536679,-0.03126019650660855,538160021759366
-0.004551970641330354,0.09710362502771107,-0.006066612171729364,538160051758158
-0.01636908879607608,0.09568103301553213,0.016269071751657507,538160091766615
-0.0343978556516172,0.08421106372691468,0.008488165620295451,538160121765293
-0.03806710816771228,0.08790021425502557,0.0004341775108806126,538160161773812
-0.0422086912882026,0.10653132115957772,-0.008807518691964921,538160191772547
-0.035772838199285256,0.11732995081197463,-0.0077554309036553075,538160221771230
-0.025570060187786233,0.11766518363888205,-0.002693285991349383,538160261749230
-0.008971547107441875,0.11898698361570899,0.0058326355557721575,538160291778562
0.036304790192027606,0.12911196627417562,0.02802549335356238,538160331756432
0.05913943690759469,0.12686812646890863,0.03510783964155786,538160361755110
0.06053004768321217,0.11736266381517575,0.025490869109891262,538160401763576
0.03762514284268732,0.10569797331055844,0.008973495181288788,538160431762361
-0.002145020488532277,0.10087405804125676,0.009794261103553342,538160471770890
-0.023841891479888803,0.1142954414508206,0.028988725733461774,538160501769563
-0.03909404034802949,0.1546434293026461,0.06858745468517032,538160531768289
-0.030327618648141912,0.1652993277599022,0.07448366018225416,538160571776842
0.0037865299651565964,0.19439294568281723,0.07430987334739426,538160601775539
0.015545751040826148,0.21770641921501022,0.07385848731888271,538160641753472
-0.0025271754881645153,0.2296036272851286,0.0741166002691249,538160671752265
-0.04731458203361922,0.22493215258245952,0.0565665721708592,538160711760755
-0.0743744892368533,0.23182156043109464,0.05373228069759842,538160741759452
-0.09469572831693351,0.2349136485291287,0.05189306119433612,538160771758217
-0.10390591361163946,0.21051580537860864,0.03078430820368309,538160811766654
-0.06158973824091117,0.18586343554390697,0.014070599804933446,538160841765356
0.0071988081308111615,0.16251507145508315,0.0017183751696386992,538160881773851
0.0903857719869255,0.11893488811072642,-0.02034208190048513,538160911772520
0.12315726423279785,0.10268144297972616,-0.025027882758372273,538160951750520
0.11567292533868852,0.10643460341060144,-0.015583572392599422,538160981749221
0.09287638010996048,0.1042796387536968,-0.008056959706837813,538161011778534
0.04355231079209464,0.09850606926491673,0.0006599154153146534,538161051756490
0.003960916339870219,0.12376624638669881,0.0054415585039229225,538161081755201
-0.011790556437874088,0.1463670468114569,0.007306847980497976,538161121763682
-0.021568846261286096,0.16576962771833917,0.010658433488907697,538161151762441
-0.03659666947939857,0.1666986398512753,0.013589496452257354,538161191770975
-0.04385800775459454,0.1455383845541584,0.007955827675069912,538161221769658
-0.03893454071183846,0.12471433787116903,0.0044309782058945795,538161261778100
-0.0073436732467975045,0.10562208913565736,0.0012611071820906009,538161291776783
0.046185559995003074,0.09957178186242137,-0.0005251978488050147,538161321775480
0.07418429917118059,0.09919504007511348,0.0021423989847824615,538161361753389
0.06396919344337855,0.10034702524570102,-0.007025481165875433,538161391752177
0.038099845037692294,0.09860524509116016,-0.015178817924264162,538161431760615
0.009762058906152869,0.1017585078912642,-0.015632321743512444,538161461759326
-0.01008769468811702,0.10493156292515027,-0.011594318101933654,538161501767977
-0.02554301512808857,0.10429884796128254,0.002442335858768442,538161531766736
-0.01792506471630623,0.10002652971684783,0.015738583707305173,538161561765356
-0.010563030401779073,0.09576256231450497,0.018992139993766508,538161601773933
-0.008208962232556363,0.08598942400167532,0.014488100831578374,538161631772717
-0.019582500039169847,0.07780954914191564,0.004878640549975748,538161671750591
-0.03180944238418195,0.08639278729069731,0.005977877195887967,538161701749256
-0.04056329154554855,0.08659265780006464,-0.0003855169394628931,538161741757711
-0.03648625804255279,0.08875215499541028,-0.0017632709977621645,538161771756500
-0.01308962959664986,0.09395038258245522,0.0038974076542956514,538161801755168
0.005520316251666929,0.09480494357425454,0.004261003264284473,538161841763620
0.011765357527465544,0.09822221166449077,0.009905768588768071,538161871762432
0.027361030644211068,0.09982670079044226,0.01016790018615251,538161911770976
0.03282963720671527,0.09709772923091707,-0.0018385642681549709,538161941769678
0.030105923166184528,0.09358269488624665,-0.00958062619850508,538161981778153
0.004684928155387496,0.08492238443957151,-0.01777173237066536,538162011776865
-0.024673513898641673,0.08352348924589328,-0.01044589982359981,538162041775634
-0.02617647491047395,0.0889254628654734,0.0052002741365943395,538162081753538
-0.019029671196217433,0.09904830478435056,0.018631368964545425,538162111752298
-0.010503840409255411,0.11566783141932972,0.01511559794682982,538162151760755
-0.010283117048777024,0.11207252368806808,-0.0001851244209112755,538162181759414
-0.010938891978508135,0.10147481581956946,-0.013418086290354599,538162221767966
-0.004619855086888977,0.08773330557248235,-0.0248169154000219,538162251766669
0.014965041675633211,0.09356821793363972,-0.006350184934012922,538162291775221
0.021680601532154464,0.11534265254339911,0.03128270107506964,538162321773919
0.022429811283974074,0.13670555555309988,0.06731984393290448,538162351772663
0.009158915199204271,0.13445938010317052,0.06737464682846894,538162391750615
-0.00014112607506259253,0.12443751730962561,0.03093643540512992,538162421749260
-0.00028363798928887667,0.11919932522351047,0.0057314495579251406,538162461757706
0.009590644334348966,0.10975231603110254,-0.01927477650553943,538162491756443
0.029723558181403584,0.10087836279148606,-0.03252795561322592,538162531764972
0.040789475739514,0.09516263596640148,-0.03230487504156228,538162561763611
0.04296893181945525,0.09659954274902692,-0.02692678076988735,538162591762366
0.03132052281207342,0.13494108628594623,0.00885085827907444,538162631770894
0.006842529511687556,0.19122182760674028,0.05939059919189923,538162661769607
-0.01482551686909901,0.23008651929344606,0.08360454317188701,538162701778053
-0.025353146243304266,0.25014664602811265,0.08757664653733713,538162731776885
-0.023261266346254337,0.2451668459532793,0.0683063452724859,538162771754799
-0.02245402786683418,0.23055944316835536,0.0434232220431292,538162801753476
-0.02663318299087496,0.21547744879667552,0.009518882424064627,538162831752270
-0.03274861300875714,0.1975812917375874,-0.02629146233903817,538162871760764
-0.02992812969808681,0.16799566886469697,-0.049234194990100594,538162901759471
-0.021703774976187657,0.13724516499017603,-0.0688672419572237,538162941768019
-0.01006488279455991,0.10344532024090636,-0.08808580842442207,538162971766764
0.00595770706098651,0.07291431167213669,-0.09765453967776357,538163011775231
0.035291723084653594,0.059684585799642406,-0.09707379081342815,538163041773914
0.04810780635045483,0.0626378229473143,-0.07978428838882835,538163071772655
0.016732167430624736,0.0925066028443479,-0.039373977806428574,538163111750568
0.015760808508145176,0.11835770831272872,-0.020172222016285792,538163141749255
0.016370920764375928,0.13140989072165768,-0.011967960440797048,538163181757683
0.004043450860796701,0.14100774208737124,-0.006768975531380846,538163211756447
0.017772772329968618,0.14019863154011575,-0.010625571394545055,538163251764995
0.022672450404849574,0.1416488304951172,-0.011163814205136239,538163281763673
0.011040793796624364,0.14877665442321322,-0.0046640879763982564,538163321772139
-0.01876578843117869,0.17344651798060542,0.025156471970473975,538163351770822
-0.03546319642708602,0.18828822296330383,0.046969617840050576,538163381769590
-0.04650396605404705,0.1944825885318118,0.060442942448099654,538163421778072
-0.05161292975124161,0.19340258215957307,0.06543357548370522,538163451776803
-0.06124083970622477,0.18986060416730613,0.06607213276935314,538163491754731
-0.07283863116163972,0.19533978004603464,0.06915923024984572,538163521753443
-0.07974981538811977,0.19767937199603683,0.06135804472194635,538163561761905
-0.08629028334308364,0.1856794927292862,0.031252552590619716,538163591760645
-0.0845389692514735,0.18794361118734815,0.02756628396143721,538163621759361
-0.07397371073203246,0.18399480017446007,0.021965323659380184,538163661767919
-0.04552015987343148,0.16413173136901185,0.008184638046239819,538163691766664
-0.02849040755031502,0.15257632978801622,0.00635940262792419,538163731775116
-0.01318572650924574,0.14023231250767326,0.0037122723330274662,538163761773794
-0.013160145709176566,0.13503593870984987,0.0027558634141523104,538163801751779
-0.014692756047168356,0.12224439709920092,-0.0037897280967574315,538163831750559
0.0018333098015159508,0.10601098096657505,-0.007752059047786268,538163861749230
0.02168963418035805,0.0862230291412778,-0.005431816019722815,538163901757731
0.029637769284047842,0.07634874654412613,-0.010889475872429805,538163931756495
0.0494131092007168,0.06910000581513005,-0.015581357459273854,538163971765033
0.057311370019273236,0.08014363189582459,0.00036536428332806107,538164001763697
0.04940561421318609,0.0889247689997527,0.023596222633531908,538164041772168
0.04092726593345933,0.08991757757194882,0.030736331079855416,538164071770957
0.02575549688951416,0.09166178886675434,0.03284065878833405,538164111748861
0.021265033780648566,0.0950365501987941,0.028603098459952937,538164141778015
0.01788409000015066,0.10416940351356463,0.026681308334547016,538164171776799
0.00953008659549419,0.12214784565530691,0.02968409097296608,538164211754726
0.003314465952846427,0.12500479693126496,0.03176219657958648,538164241753357
0.0016253244706206833,0.12228354730577301,0.03194195160616864,538164281761880
0.0018761977995112662,0.11564123509457512,0.02782727129086504,538164311760564
0.0067513951996349495,0.10253060710823887,0.018268535110906658,538164351769121
0.012747042918040682,0.08748284378325231,0.00477529595593786,538164381767876
0.01754464376198279,0.0710739894061965,-0.011019511502525989,538164411766578
0.018577409287030524,0.05595324776127314,-0.025348768782521246,538164451775168
0.010434258238672231,0.05389824996524556,-0.03354639610824574,538164481773857
-0.0043825285365021345,0.053885088581133736,-0.03972654250688573,538164521751779
-0.02666594523550852,0.05405389175524992,-0.04511290293710678,538164551750577
-0.04103884351782671,0.06886237562318032,-0.04340060610385206,538164591759053
-0.046389788191734345,0.08229589515366019,-0.044375393411352965,538164621757755
-0.03392647542755354,0.11841075004912141,-0.03394972174864981,538164651756496
-0.024368873823141204,0.1324037675172396,-0.03052059122731865,538164691765053
-0.0015210542297560067,0.12592070167605457,-0.040342481855004754,538164721763741
0.006463661981719993,0.12136691725054632,-0.04576733986298849,538164761772221
0.007102160970535602,0.11822585081342886,-0.04804903427043403,538164791770958
0.011391489653815274,0.11107871865711295,-0.04397740933929178,538164831748847
-0.004949313334758683,0.11345817748330196,-0.03479234286998128,538164861778088
-0.012238830065774517,0.1016650678883306,-0.027546646006111283,538164891776876
0.0020890360984050166,0.07647115228966943,-0.024532695552027264,538164931754751
0.012365320555982743,0.07268102391766139,-0.01790671057743233,538164961753457
0.01878158459812242,0.07624508911195699,-0.014492445553238828,538165001761948
0.02393238025215326,0.0935966930506065,-0.002705098969959965,538165031760712
0.03804888360210475,0.1179019089938264,0.02696036226136814,538165071769178
0.03511017788189882,0.12927651564982934,0.03330524229269051,538165101767894
0.017673685778802788,0.14914247333809802,0.030044656113309844,538165141776356
-0.026156194856272016,0.1885319535572707,0.014525515924270302,538165171775148
-0.07109110956074935,0.197621007649455,0.002497975091295782,538165201773846
-0.07888060252069316,0.18952290752703788,0.0018428193196224451,538165241751833
-0.06014391099167936,0.1689625846225622,0.006410234987740972,538165271750615
-0.02205116624239815,0.13847458956345057,0.009938149975366779,538165311759068
0.00743272127034778,0.117313364742302,0.008978231698685281,538165341757755
0.029927595051935124,0.10852525820019306,0.006693327216389787,538165381766193
0.041491594967566485,0.11473595009814201,0.003184860410967895,538165411764971
0.036940442221269576,0.1138027387164389,0.00029924062767391424,538165441763702
0.030140371839419693,0.10774525459185155,-0.002864029305233467,538165481772125
0.01757165506131036,0.10531241713885568,-0.0054283423109245926,538165511770875
0.0043897323374977645,0.11106477724267315,-0.007328866273221875,538165551748773
0.0062101703444961765,0.10207401816519947,-0.014140700401704516,538165581778019
0.0023744448246976755,0.09659922266171282,-0.01997404306154926,538165621755938
-0.006458014124905726,0.09215007435437145,-0.02289686607049177,538165651754692
0.005210467592915789,0.07571652702326878,-0.024717488998879603,538165681753384
0.013303762841377879,0.06651967319757383,-0.028245733434713916,538165721761952
0.018755810309894098,0.05662930103972909,-0.033507792753627315,538165751760678
0.026256569352322408,0.04108100238451143,-0.045681820116317065,538165791769198
0.03773165066842956,0.03634157181443862,-0.047341081389620884,538165821767871
0.0531535343849207,0.035515319840497384,-0.04550893144804824,538165861776289
0.07250131431883748,0.04166566934193521,-0.04386233627868356,538165891775015
0.070637,0.049187,-0.043761,538165931752904
0.045718814670619216,0.05816544473914734,-0.04529632482662358,538165961751573
0.008633459519827719,0.0696965930111167,-0.05332324992752679,538165991750341
-0.03306162512366973,0.08563254655435393,-0.06993680392412176,538166031758831
-0.051976349728753826,0.09167774770934524,-0.08220554393429391,538166061757596
-0.055971196889896574,0.09774734356643806,-0.08587132858052735,538166101766119
-0.053164866325693894,0.10470492658526839,-0.07634154780700259,538166131764904
-0.04269480332603961,0.10336067655219583,-0.04856288833728344,538166171773360
-0.03077584690846753,0.10087168369911878,-0.019752791325894574,538166201772073
-0.012485113683762195,0.09726531476395282,0.002946556797617763,538166231770837
0.0034068028981590398,0.10309787340551037,0.012277062359026461,538166271748818
-0.019967606826677475,0.11946497684420135,0.020063020098948232,538166301777962
-0.03955291922674955,0.12488756746053084,0.022442002634545367,538166341755962
-0.049757292405042924,0.12378787551076531,0.02375049261795436,538166371754751
-0.04245496092401526,0.12944882001299995,0.02550158574398952,538166411763217
-0.028575121095755055,0.12983233270788672,0.026187883150208324,538166441761900
-0.016304329823529716,0.12672653132372644,0.027571309696071824,538166471760683
-0.0027028036603746223,0.12460485953399919,0.029976319864777938,538166511769153
0.007589207947875107,0.12012517503402385,0.027090119212133792,538166541767842
0.01079648529899014,0.11243704852283459,0.019270712467580234,538166581776303
0.011896750080877126,0.10578374880900433,0.010655200052491525,538166611774991
0.012985635892117736,0.11472634326562094,0.014979766453177936,538166651753005
0.007814794092935371,0.13050605625708464,0.0233698046467024,538166681751649
-0.017870230954868185,0.14870586093267524,0.027636697032298114,538166711750376
-0.02766703306262511,0.15236535751575664,0.025684265168053267,538166751758818
-0.05834243581910257,0.16374985621594343,0.02229693406817677,538166781757448
-0.07291927346549136,0.17297044960753938,0.028634865926645988,538166821766005
-0.055539502857814824,0.17607306538005163,0.04751419351710755,538166851764708
0.023312042426611362,0.15055576616486638,0.057582005817873094,538166891773260
0.04905455108248171,0.1382960242014756,0.0407889581284221,538166921771982
0.04798894274474903,0.1356980200725144,0.020999783501070884,538166961749886
0.005959104249946761,0.14059561526396272,0.004110456845735342,538166991748741
-0.027652817223396783,0.14048334084313585,0.0030403109435120732,538167021777967
-0.032982361491750455,0.13663880958709898,0.00955900911411925,538167061755876
-0.008889679757096506,0.12207365073384224,0.017801358781771328,538167091754645
0.06724760759654191,0.09311083846651375,0.021606755200588985,538167131763059
0.09296413353373953,0.09541416214471352,0.01997337732940716,538167161761755
0.1070564520668699,0.10067140738880627,0.016115301277731246,538167201770222
0.1088626251986195,0.0960581573340363,0.009773278237254986,538167231769010
0.09980053748327664,0.08810295178927584,0.008793691543411489,538167261767697
0.09082088860622149,0.0865583885180568,0.012805691762747748,538167301776177
0.07081255463733335,0.09063353944052716,0.02149972053233312,538167331775000
0.02856236214600559,0.09948132756181631,0.02980670202206168,538167371753000
0.002281239847833104,0.10543007439427102,0.04093017622221395,538167401751706
-0.02286924403079543,0.1106334591459533,0.050772197394929074,538167441760149
-0.057055963212292296,0.11182040004859323,0.05610825923752297,538167471758937
-0.05601514590177774,0.10849825683892471,0.05410653665764123,538167501757619
-0.04286408489735916,0.10144402536509864,0.05309663861734362,538167541766068
-0.017225798037459748,0.0925061344151279,0.05656240931537648,538167571764837
0.011661064934627412,0.07997860356574495,0.04787312620188682,538167611773279
0.012923360560141157,0.0737296509001354,0.038750727087118186,538167641771971
-0.0009556672478473889,0.07981240129697546,0.04357893834263606,538167681749894
-0.011255488311713177,0.0856698693229623,0.042651114262161685,538167711748664
-0.03163896070691831,0.09363674830558429,0.03867599673259493,538167741777900
-0.03881259634206336,0.09007280619631677,0.03347539937633409,538167781755856
-0.044998754230979904,0.08758948081980472,0.026518360238295447,538167811754625
-0.048013583835710416,0.0968818535627079,0.02685265579177965,538167851763072
-0.043648782039550325,0.10875216320962021,0.0303829768956423,538167881761722
-0.04030268414564938,0.11709534625026181,0.028641295475577623,538167921770261
-0.03716453454071843,0.11953189105814073,0.01524152079919087,538167951768953
-0.028069238378531144,0.10251312008115089,-0.0025103273853265273,538167991777458
-0.0298439560249197,0.09329561660479155,-0.011214008568886375,538168021776160
-0.03575647708865238,0.09112355583150758,-0.013529440972781888,538168051774928
-0.028037956405325325,0.08976336242609684,-0.0018142015182587594,538168091752899
-0.022093205994046457,0.08015965241495926,-0.006389624165501928,538168121751592
-0.024967125575248078,0.07951071629064953,-0.010234622465100913,538168161760076
-0.026124447021603842,0.07683638195329584,-0.015175021484122466,538168191758837
-0.013419082913690745,0.05853578277011715,-0.030809704329337134,538168231767312
-0.00457695077164907,0.04770130514849213,-0.036118940311772645,538168261765995
0.003920622145433062,0.03884611064422421,-0.039515813469657615,538168291764751
0.009204665995150779,0.03899138392124283,-0.04450580659944651,538168331773168
0.001251673520580947,-0.0037568064819980722,-0.003888527822381494,538168361771841
0.0009944548815022831,0.0037602690366654217,-0.002549079556349663,538168401749826
-0.0019780879478789324,0.005298681309595538,0.002210881068827963,538168431748596
-0.002183871760216688,-0.0036814173466544037,0.002231710461001821,538168471757053
-0.00036190703125566084,0.0031825876127641937,-0.002666317776743992,538168501755760
0.00254573144502801,0.0007064302274278571,0.004675612981725929,538168531754554
-0.021380195373780945,0.14265796479267676,0.023298892461426194,538168571763005
0.008779772143237042,0.11347331690315789,0.01044288610451685,538168601761698
0.026684060291424304,0.09573511758042982,0.0024610817420519307,538168641770164
0.03268416176291298,0.08233018356189228,-0.00478596703256519,538168671768924
0.02020701624037616,0.08636256917352826,-0.002548306695475733,538168711777399
0.016451832865721664,0.09629883436010873,0.001926900342678606,538168741776092
0.017855109036297594,0.10383017649309938,0.006166260220193216,538168781754010
0.020203397627647432,0.10666973472038237,0.0142617493183191,538168811752783
0.007238965374411265,0.10520868587368996,0.01477493501159392,538168841751481
-0.0025603870407952265,0.10482666082968663,0.012655686958346464,538168881759971
-0.003975627102919556,0.10013544714521166,0.011586968236932957,538168911758726
0.00951709730807608,0.08923146975440598,0.010783096917882717,538168951767264
0.012292498409908084,0.08546522543787398,0.01176304801934375,538168981765891
0.0062408669348120544,0.08908136914414673,0.0144651803726203,538169021774414
-0.013326453462804394,0.10954978200767368,0.021913285478447404,538169051773164
-0.012660737518060862,0.11515944766087363,0.027832458210566343,538169081771842
0.0019496817294060538,0.10773020058842621,0.029714667881862507,538169121749751
0.02405316081738502,0.1015655479180292,0.032213998517932496,538169151748544
0.03686734914337884,0.10719872795579789,0.03019176905455231,538169191757000
0.044760185866470945,0.10932979110854459,0.03035668749221915,538169221755711
0.05173392692270541,0.11026773212670174,0.03864444226293375,538169261764192
0.054530398606726586,0.11232151676848325,0.07317199578834575,538169291762976
0.048740404141873014,0.11203292344171999,0.08147277829864161,538169321761645
0.036951574170041586,0.11180304585467166,0.07920289541813864,538169361770110
0.022301942903283068,0.11029193405539932,0.07127140364799707,538169391768891
0.01778946973400214,0.09577576444390803,0.05846136645097711,538169431777352
0.029264379521336994,0.07328709047952113,0.050033653408990866,538169461776030
0.045676361431115343,0.04691697304520976,0.03210372923736297,538169501754040
0.05992936324539527,0.015527944071758734,-0.011881489889672116,538169531752847
0.02907725715121036,0.022214238231254943,-0.043193395500234516,538169561751447
-0.005020431163910272,0.049706679290868645,-0.04620566016680629,538169601759977
-0.03663255295060612,0.08094071878787179,-0.03638506654006772,538169631758629
-0.05446739989929856,0.09817160189562227,-0.013215878524486727,538169671767192
-0.054904331549718695,0.09690459382726233,0.005258356484416173,538169701765750
-0.05195885415768835,0.09498239066050197,0.0146288136998201,538169741774299
-0.030514692648068956,0.09146645785020545,0.024613314443672683,538169771773086
-0.012733116327622503,0.08709758102686392,0.03423631891722868,538169811751019
-0.0052473208771324975,0.08176323087703732,0.043204417101924575,538169841749727
-0.0037484976975810397,0.0730611245705844,0.04770957019431526,538169871748467
0.007441754819942689,0.05344122729417009,0.04524533255427289,538169911756929
0.004697545083977052,0.04689875114211503,0.03604973499205061,538169941755611
-0.007678147024146571,0.05069116634523826,0.026692392967470686,538169981764049
-0.031232110305611342,0.06550176113147323,0.013745643000654013,538170011762828
-0.04398130391529058,0.06183889600947882,-0.004030713486830344,538170051771318
-0.03633520507014913,0.04203953224355563,-0.025224300716312608,538170081770010
-0.020728796978668498,0.01969960771197999,-0.04846676535468898,538170111768803
-0.0026504413499173155,5.421147195192827e-05,0.005963393614948435,538170151777279
0.0024028643849016433,0.0026581740860455055,-0.00018624988016234864,538170181775967
-0.0029723135982926666,-0.0014643666957226084,0.00035697495490167794,538170221753895
-0.003236593247998582,0.002251136007648036,0.0030563029668258194,538170251752640
0.004652748582654431,0.001216941765517496,0.003769984755596061,538170291761106
0.0022521560288548286,0.003770385076851202,-0.00024581222509691765,538170321759813
-0.0012080505249159922,0.0029994484655859245,-0.00480285122656199,538170351758568
0.0042151857231585,0.004784546864371803,-0.004283269905021288,538170391766992
0.0009022121301468754,-0.004556655535704822,-0.0005428220405761753,538170421765664
-0.003252679783282924,-0.0027257620230154017,0.0032387760474113197,538170461774159
0.004372947768054813,-0.018818751741557428,-0.0001290164423306615,538170491772928
-0.0018469334553966052,0.13571410622749497,0.002217689919195339,538170531750937
-0.019720140030763746,0.1367257089817076,-0.00320115947470394,538170561749534
-0.023827756800570615,0.1346891570239739,-0.004641770738697579,538170591748346
-0.02463899374683664,0.12008792997861144,-0.013647277442950896,538170631756808
-0.01828750586367641,0.1062126011675984,-0.0260165670874506,538170661755485
-0.017860687622006856,0.10550709789190915,-0.0331413178601226,538170701763919
-0.029161391547648977,0.11329635962422495,-0.032459802113762294,538170731762692
-0.02577795377010648,0.11296903782380896,-0.015894552698933345,538170771771164
-0.027282770507131272,0.11393670796716789,0.011226409134038315,538170801769851
-0.03825443108650074,0.12030922290887387,0.02554877771812696,538170841778389
-0.05351265537391555,0.1274895499570378,0.022141279821500822,538170871777082
-0.06345282356040052,0.12731949168430995,0.007440631368593198,538170901775799
-0.06630625526248185,0.1272884887467294,-0.0031725583349964358,538170941753779
-0.06308753108485912,0.12602025305670408,-0.020697655275575322,538170971752569
-0.05829913718038418,0.12451607502867146,-0.03409987687558474,538171011761063
-0.05913574163940484,0.12700653044654517,-0.03650818440075421,538171041759751
-0.06115710370187576,0.12904482718754742,-0.0356470560873999,538171081768222
-0.060369879051374566,0.12558850977180086,-0.025695572548472632,538171111766957
-0.05634460138462069,0.11677387424327215,-0.009300483250748936,538171141765649
-0.05521064014298124,0.11028055615159361,-0.0017402629410046735,538171181774096
-0.054428122250541715,0.10265601425225442,0.001045537409038458,538171211772846
-0.05060331289943913,0.09202445171834454,-0.01181430331044436,538171251750764
-0.03779387240572309,0.0698014594156087,-0.03158133982295436,538171281749456
-0.026389229820026554,0.04596405630862994,-0.04899593241038535,538171321757967
-0.017113060374335184,0.025415595403430975,-0.05383726930721805,538171351756760
-0.008406083497434816,0.023913107452043694,-0.05137561261551526,538171381755477
-0.006841147146403998,0.03202569765631386,-0.05228666107622403,538171421763938
-0.01458413736797417,0.040224142370207286,-0.05222494443770031,538171451762703
-0.027205462826030934,0.03955216082111343,-0.04999928669612307,538171491771145
-0.035334355666641094,0.04844806575210426,-0.0368239581465213,538171521769833
-0.041256360594229005,0.060449802350744736,-0.01754725429469011,538171561778274
-0.04133625539162049,0.07940025345144379,0.017428405635952313,538171591777044
-0.03228649533922819,0.08397480267621894,0.03752467812077433,538171631754962
-0.018708273486788662,0.07953034746945455,0.03892220259585909,538171661753644
-0.004290610592614883,0.08145973417074383,0.03520698814538612,538171691752419
-0.002149379492616303,0.10608296174709188,0.03953948575041671,538171731760899
0.0019320289991097792,0.11776613725302332,0.05227555699092108,538171761759573
0.006346967879640089,0.1211645546662198,0.06027383106093524,538171801768010
0.010950240914032693,0.12561825125485343,0.06549866244873284,538171831766730
0.018283342073361453,0.12526226116692663,0.06538294907864009,538171871775207
0.028550451903504897,0.12084936782877602,0.06623813066263132,538171901773903
0.04035904405683261,0.11111424036673491,0.06465241797819243,538171931772659
0.02927567996220796,0.09477823141956286,0.053182394831876964,538171971750679
0.0032571853443187975,0.08785854417957775,0.02923812171159828,538172001749366
-0.012888643881149518,0.08963471624745528,0.012123236019468126,538172041757909
-0.029046754964838436,0.09924996958239318,0.008144546532076337,538172071756663
-0.03279669758510516,0.09922022221101788,0.029849034927108633,538172111765015
-0.021766753042115113,0.08416503445471406,0.035890971320876486,538172141763693
-0.0014496419694448332,0.06160579595011594,0.03326827133858909,538172171762458
0.03215603860973466,0.022479223963348862,0.017834622246047805,538172211770909
0.04989203006531575,-0.009056677836188626,-0.0018528507447559605,538172241769573
0.057663566661658026,-0.024413090747048366,-0.017070505954920673,538172281778049
0.06417677942394824,-0.03756573281152316,-0.0379551418308786,538172311776875
0.057424037231006905,-0.04274796598614071,-0.059067144360318624,538172351754828
0.04290536248304184,-0.03355147525295124,-0.06766951081723155,538172381753510
0.026615941107720212,-0.020177781911036502,-0.07378125947519988,538172411752284
0.007755757359344254,-0.002518693976296945,-0.07221619186606126,538172451760779
-0.002252548436577624,0.002857162287177633,0.001661643877234411,538172481759476
0.0005450325780663229,-0.003129978877541338,-0.0024116385995903316,538172521767967
-0.0011399423044193752,0.0007411880373963487,-0.0011796603147534515,538172551766716
0.004292153868394008,0.004707982660657287,-0.0033869814635882436,538172591775218
0.0013661464188917361,0.002348882626854535,0.0010169588373711044,538172621773929
-0.0045530330291992625,0.0006648361288662563,0.0012928058781048095,538172661751851
0.005691670634014054,0.003698246880727008,0.00181106775925014,538172691750602
0.00012514301150359363,-0.0031292985194375984,0.002506040876028843,538172721749308
-0.0002766893713881798,-6.509487305568127e-05,0.0005679073672936524,538172761757751
-0.0002517244210497353,-0.002885895229459543,-0.0002049494590811049,538172791756549
0.0031792529488689674,-0.0012704541700228533,0.0005157473147991668,538172831764972
-0.002732435254752687,-0.0021077935628710433,-1.3520104910084681e-05,538172861763597
0.0005031223261158546,0.004223718880245744,-0.002253033764854632,538172901772088
-0.0043208671441136316,-0.00429876365948416,-0.005833894530296017,538172931770857
-0.0027542817391795287,-0.003545903441395696,-0.002466789304349362,538172961769554
-0.0011422709782393362,0.0016842370621363001,0.003938635869964213,538173001778001
-0.005423423190746063,-0.0032923406723691286,-0.0055311572163261324,538173031776784
-0.0038462857916608914,-0.0014194061712924937,0.0034406175045534368,538173071754841
-0.001644701415483966,-0.0037014527840933875,0.0017958392651855686,538173101753516
0.002189848799241885,0.0004727628393432444,0.005217118510374824,538173141761986
0.06146324067810354,0.06303035032115593,0.019562035947136465,538173171760746
0.013644668721057164,0.08303026961028427,-0.01760730542172998,538173201759384
-0.01780731803788416,0.09912578685153002,-0.029397976322840996,538173241767923
-0.036584170736504606,0.11093044573868241,-0.034838426630802014,538173271766683
-0.03991139505136805,0.11128151983813422,-0.004893591711938666,538173311775140
-0.03638883886048914,0.10125870173524067,-0.0005182045693954032,538173341773812
-0.035451516975719265,0.09249951750827146,-0.015734360486398247,538173381751740
-0.038454328798564405,0.09290953022466106,-0.022454268014572544,538173411750477
-0.04496406213194394,0.10362750435537103,-0.02459484895713975,538173441749154
-0.07017859468069411,0.12304660489025973,-0.025660638501998356,538173481757578
-0.09129768968908349,0.14049665372181383,-0.020996490162935387,538173511756375
-0.06430824788727837,0.12109127508107684,-0.01676681773324775,538173551764884
-0.0711863995186174,0.12335261850847813,-0.026750863690652823,538173581763568
-0.08969125099008973,0.1341040980337114,-0.033775012881688535,538173621772043
-0.08753634031454703,0.12919406014074397,-0.036392746812966344,538173651770794
-0.07230088380375542,0.12501906731723775,-0.02448626025511677,538173691748750
-0.0671095791807186,0.13443532495379326,-0.013950849016065123,538173721777972
-0.05573474900759763,0.1496667860380196,-0.0036426727762957113,538173751776740
-0.04999802227171115,0.15128041370907447,-0.002823698241221024,538173791754644
-0.04541772827981406,0.14840412563576516,-0.00232762942648833,538173821753318
-0.039692615725216054,0.14094888250027152,0.001185382265325551,538173861761812
-0.02611839893843143,0.1294853255316611,0.019517604739949606,538173891760583
-0.023489815858511856,0.1294922045366397,0.032640528976859415,538173931769049
-0.018619841198568972,0.12224943289825084,0.036396741234691256,538173961767727
-0.01014751524093871,0.10880993886916901,0.03055257911296377,538173991766530
0.00628550139453131,0.08688086754378471,0.02591534734254085,538174031774995
0.011082690372308664,0.07519538881273914,0.029315060899252766,538174061773688
0.00863572483781235,0.07323882336651996,0.02974840115385405,538174101751678
0.008743237120770148,0.07817121223406838,0.027940494482679018,538174131750370
0.02067257656993202,0.07477994222255309,0.018152294550985063,538174171758904
0.024222086870032526,0.06566886668381341,0.010794035731128542,538174201757519
0.02391519193478502,0.058000034935800394,0.007054971470380473,538174231756280
0.01462828946248497,0.05151616725521458,0.006939468851644882,538174271764837
0.006144336248703639,0.048311609279432254,0.0064590555268118615,538174301763438
0.004674212562896591,0.04988631082426241,0.001665102199395591,538174341771966
0.0036120028388695784,0.0504735362168855,-0.010852068870158809,538174371770664
-0.0011136844605412117,0.04620337771582127,-0.020001501504309724,538174411748664
-0.005947334083460147,0.053488454083017174,-0.01843476197505639,538174441777895
-0.01492516004370832,0.07061098940805308,-0.013288879328486242,538174481755823
-0.027969863473264207,0.0962463475941566,0.0019461789973020658,538174511754578
-0.003074777361429937,0.08334948980149683,0.014919340012819337,538174541753289
0.008326680584677103,0.07536045933182679,0.018239859685181457,538174581761737
0.0016961941094092532,0.07688556161124965,0.01778257258842002,538174611760520
-0.009860336275038135,0.08368842228233479,0.008330830193011078,538174651769019
-0.011804010045356517,0.09097350025862044,0.0054838396806641985,538174681767706
-0.012495172831606446,0.09730642280422866,0.01092635475598638,538174721776159
-0.011170363689088641,0.1019058403174723,0.0296591011623008,538174751774927
-0.007197079259564743,0.09839645349661578,0.046060317875306275,538174781773601
-0.00025121880151979096,0.08948792609641969,0.05006386863747209,538174821751524
0.013858478555261327,0.06750184677865533,0.04741015994347249,538174851750260
0.03625678818188688,0.034001677258128596,0.02812320501928997,538174891758697
0.033607999563243965,0.033115758298481957,0.014931363076184877,538174921757380
0.013171947633397177,0.04564473281391514,0.009921800305174745,538174961765872
-0.032755543912357674,0.0759821304648318,0.009266044225012987,538174991764646
-0.05598659583888028,0.09667729070044857,0.013362117355650726,538175021763343
-0.05472273127534301,0.09557719245204022,0.012275944050425128,538175061771809
-0.048647410600172226,0.0903682353296868,0.0059119473210151674,538175091770563
-0.02816304484845932,0.0900036192650687,0.0019450991431692957,538175131779059
-0.0043469580652657075,0.08827703822977902,0.0002603700431279219,538175161777736
0.0063239851644468935,0.08757369002820915,-0.0017105104176379157,538175201755651
0.002449514822093043,0.08938810050707585,-0.004312083682498698,538175231754419
-0.006099410042607102,0.08071439637252266,-0.01243688336178805,538175261753111
-0.003489260596976411,0.07528167283017322,-0.011381419228015738,538175301761549
0.009054244444961841,0.07062885454274925,-0.001877247827364233,538175331760328
0.02915082523854029,0.06833949433469509,0.008940873382931144,538175371768794
0.03255244458809886,0.07982419810058378,0.016499366844869898,538175401767462
0.033067561725909245,0.08937186879892331,0.02613044254193242,538175441775986
0.03224850190479561,0.09504094177144783,0.04382864227013912,538175471774673
0.030191999223014968,0.09050530476671574,0.0497853068110673,538175511752726
0.03420692447451923,0.09179898206444023,0.03934078599213935,538175541751404
0.03189564294560459,0.10395846147962824,0.0258004192313045,538175571750092
0.01016154327631087,0.12153087564670122,0.014772855938758224,538175611758559
0.0002937429762432035,0.12490542273853958,0.01040959653060671,538175641757270
-0.004139716550956589,0.13022899178422517,0.00406009850473012,538175681765761
-0.007634538137715843,0.13320425964950697,-0.00462931783118759,538175711764419
-0.000840487434521991,0.12226635136865135,-0.003434264545984671,538175751772920
0.006379453084484052,0.11314793737624332,-0.002645234041770592,538175781771592
0.010273308276031456,0.10476942394753457,-0.002699182506017444,538175811770357
-0.005299561491599257,0.11545149389419952,-0.008355993033786938,538175851778851
-0.03138183393798585,0.152228610643596,-0.011933635161590649,538175881777548
-0.042692996853215356,0.17039094618096737,-0.011744723551265275,538175921755558
-0.046568064337907326,0.17653071374649473,-0.009644909675078013,538175951754357
-0.03954279977734184,0.1649804947515181,-0.007069848445342049,538175991762808
-0.03286834301147775,0.16793863603367454,-0.002475983052791795,538176021761496
-0.028311556767363622,0.18486907833129923,0.00954312327625186,538176051760188
-0.0313415855032886,0.20964494640055625,0.041103590217482465,538176091768683
-0.040965535466958164,0.21765473073099495,0.059836892309189836,538176121767390
-0.04802572260558528,0.22112745362808428,0.06369716268170654,538176161775856
-0.05242296157103648,0.2261898727869088,0.061642020616198286,538176191774644
-0.04760538459906014,0.23243584032474396,0.05363167187189637,538176231752654
-0.04246484667659226,0.23670747018003177,0.04540987996042708,538176261751352
-0.03689147601433035,0.23681798278016905,0.039881966207957927,538176301759756
-0.021314933383020075,0.2190520772924508,0.03876038855415587,538176331758515
-0.008024317796566958,0.2024068597338803,0.03240251015152809,538176361757141
-0.003664981301112678,0.2005599305015039,0.029494426270115143,538176401765569
0.0007180318972866521,0.1999403003999848,0.03185651808922961,538176431764352
0.01017318060112113,0.18899186734716553,0.025787633974602382,538176471772814
0.009621737294781536,0.18107490305672252,0.025336725369118532,538176501771511
0.007268125953629602,0.17280183134159374,0.02907569571002171,538176541749530
0.015319642996071723,0.15157478059458304,0.0302632937629738,538176571778698
0.01717320909124307,0.13341981243677198,0.027205747642777674,538176601777405
0.011377756134771566,0.12537839359422012,0.022023185389541313,538176641755385
0.0023039910523195433,0.11626491038382401,0.008853399152902997,538176671754064
-0.016458034694491884,0.11228968288047125,-0.013955092793650477,538176711762506
-0.023004070411474287,0.11055600846826208,-0.017165186176132524,538176741761194
-0.023872008308117323,0.10704395677834895,-0.011769495672039288,538176781769669
-0.019970661210672792,0.09444765380053327,0.0017637263989537704,538176811768425
0.006709737534909674,0.06342705766199216,0.015029531800459447,538176841767122
0.03203482793751392,0.03539354109302605,0.020379919153732107,538176881775573
0.05148702076020959,0.00898459681034472,0.022805404488416392,538176911774351
0.054243145795209675,-0.0030776251932935136,0.022957567739755214,538176951752370
0.042398747751619205,0.00672917357844999,0.029013719156110066,538176981750958
0.022410558081339748,0.02950648159440519,0.03441349489362025,538177021759519
-0.0057169122677133,0.06491650671957322,0.03632658719353628,538177051758216
-0.013397299083298952,0.09405172802409592,0.03497815950399209,538177081756885
-0.012811651123840275,0.11486059190953991,0.03336527513674816,538177121765356
-0.007476818511187266,0.1250820763571616,0.02908755692225175,538177151764102
0.0022345877840085574,0.11750047300695739,0.008087205252308351,538177191772591
0.0066275784318402635,0.10701047431762192,-0.008912975323241397,538177221771284
0.0045567851347208125,0.10189198207115639,-0.019396600927413094,538177261749327
-0.014142616629438541,0.10917738510029197,-0.033082343554817435,538177291778598
-0.031185336308639892,0.11904403911555932,-0.03475949233483014,538177331756593
-0.03283305930697545,0.11701481841004424,-0.03252890652012992,538177361755222
-0.032046879723424425,0.1109354707243124,-0.028431198883716296,538177391753987
-0.029923850561424305,0.10151899501032786,-0.01612966622962046,538177431762458
-0.028644538932550118,0.0996765131039712,-0.005295825164628634,538177461761155
-0.027081046741539765,0.09797777874675877,0.002965990710669722,538177501769577
-0.022264260833787006,0.0924422218013487,0.013040362204187026,538177531768347
0.005736325764576097,0.07602690996044753,0.0176113798067197,538177571776789
0.02233551363768398,0.06793759165238687,0.017651708000471493,538177601775477
0.023562061755048446,0.06546645945878915,0.016533051246313605,538177631774222
0.01007160924233217,0.05911716570199687,0.012783032392615822,538177671752135
-0.0038160223471005762,0.05607928635717126,0.004520314600623366,538177701750827
-0.013719375367259562,0.05686293768070943,-0.004244037200626609,538177741759318
-0.02037186477504056,0.0526303859107787,-0.009208160643404541,538177771758082
-0.013571385721276636,0.04771078332938441,-0.015016123434896408,538177811766582
-6.478456812950657e-05,0.020343058845250752,-0.010888282619828498,538177841765289
-0.0020303323165578565,0.004265569068944323,-0.003071391723614749,538177871764044
-0.0018612438188432123,0.004338430438490218,0.004961160558104626,538177911772519
0.0031999261097994365,0.001346584496728575,-0.00021186182973830956,538177941771217
0.0017301929032785335,0.0027262788041526255,0.0012992246526044862,538177981749145
-0.000423563113695661,0.002067112680866871,0.0019292440095136838,538178011778404
0.0006916869507317621,0.003953493269769564,0.0019178289230775887,538178051756308
-0.0024456640403035935,0.002300234339733833,0.0031415145223400785,538178081755010
0.0024639501468014845,-0.0031795370388109363,0.002009396924461598,538178111753769
0.005014477825222503,-0.0038470030540201086,0.004849485075986188,538178151762194
0.001050996479850979,-0.003338395930968794,-0.0032991537933518434,538178181760857
-0.002651957102098346,-0.001755871552931438,0.0021073305512398425,538178221769352
0.003079004676857936,0.0029685581733385246,0.003600006697436464,538178251768083
0.00018925182079274923,-0.000974921960510617,-0.004341858727934035,538178291776569
-0.0012814156040267127,0.0018517525836412073,-2.775777281150164e-05,538178321775280
-0.0005079511282368228,0.004437548123092912,-0.0024216297085711477,538178361753175
0.0051020868227044215,0.00030280051320789224,0.001783005045375012,538178391751963
-0.0031974600592412283,0.0005939689710501789,-0.0014629752782962793,538178421750655
5.4263653179886025e-05,0.001329143109170382,0.0010211238087311947,538178461759155
0.004154137099204158,-0.003305429331553587,-0.002985582578341819,538178491757929
-0.004916708239602939,0.003335039901650907,0.0017245331762040866,538178531766386
0.00010019636527061084,0.0005700672642500994,-0.0009718171868394974,538178561765136
-6.43664050388268e-05,0.0038766611372127975,-0.0031564246714085586,538178601773597
0.005022372825472366,-0.005388111066069637,-0.004465403436772586,538178631772371
0.004146111969561881,-0.003969461486238796,-0.0017332647367441609,538178661770983
-0.0006139743990859426,-0.0004899467913579474,0.0033731980533322097,538178701748858
0.004718511117104477,-0.0007733236496807341,-0.0009466856874391275,538178731778150
-0.003162715550627506,-0.00219147265614074,0.0026362858166550525,538178771756074
0.006313072651025838,-0.013504967273112182,-1.3916657018859504e-05,538178801754780
-0.01856305287957869,0.08230014137836096,0.003724458817478825,538178841763218
-0.012686775617666455,0.07136479330149956,0.0038552246927590177,538178871762006
-0.001897336510133517,0.036354066275539526,0.00449392349426891,538178901760732
-0.0007773206631665493,0.015322236816170313,0.0019066697819473634,538178941769194
-0.0002392003766779097,0.004772261808855561,0.0005947855251990013,538178971767939
-5.479256330415556e-05,0.0011468459969487322,0.00013542091312759364,538179011776372
-0.00021186980186700482,-0.0007160674569188575,0.0005928941646025187,538179041775073
0.0022788663561221487,0.013892968334923145,-0.006708002225952382,538179081753068
0.007604484087233478,0.04550809555602619,-0.026154608122421524,538179111751838
0.008747776563784764,0.06682085683106562,-0.031013794831465876,538179151760290
0.008709864733759082,0.07248547477381284,-0.03067079663182789,538179181759031
0.009989201281685045,0.07661337411718605,-0.02999052637759051,538179211757819
-0.0034381940760385616,-0.0017226837786696717,-0.0006034645249967624,538179251766308
-0.0018135099233805086,-0.002693387379735078,0.0018529650534302292,538179281764996
-0.0002535857950330145,0.0020601037802481137,0.0018793048029111857,538179321773439
0.005501327416939032,0.00032107766320988123,0.005435169272550956,538179351772213
-0.0001749452697598666,-0.0002607187814029791,0.002321221623467963,538179391750131
0.002218082268411698,0.002392861791357919,0.004216351326336777,538179421748819
-0.001339091793833283,0.004381272133577416,-0.002114246810559452,538179451778116
-0.002990592907625425,-0.0007381406810758571,-0.0018323132798833794,538179491756020
0.000298518903726625,0.00332392941707712,-0.0009917447063448833,538179521754703
0.0003992537152493191,-0.003474668611827172,-0.002468347563962754,538179561763175
-0.0016263408050653694,-0.0009162647928470966,-0.003384317119864448,538179591761934
0.0015044820365535793,0.001947880685550937,0.00017807498750425072,538179631770400
-0.0016324151312781228,-0.0013600809132179427,0.00032530067681475804,538179661769107
-0.005130230591767582,-0.0031983831840225077,-0.0014182529779510214,538179691767900
0.0011265679751241966,0.004822200449926761,-0.005484535707981511,538179731776391
0.0012351044413642838,-0.001042862861823919,0.0037059797791303916,538179761775064
0.00344377375180607,-0.003863222675250239,-0.0027086978303890153,538179801753015
-0.002546396832805499,-0.0016406716391198992,-0.0004023739115068532,538179831751809
0.0028493828754675523,-0.00353302164046065,0.002846954304241682,538179871760256
-0.0011980110698383872,-0.00043749693021026906,-0.003017825432252126,538179901758934
0.0019838739235167407,-0.004259814990250679,-0.0022728482470317675,538179931757708
0.005152230338129681,0.0029377518914098077,0.0034447132691742583,538179971766165
-0.01707231328787223,0.08969579895279418,0.04014562384124452,538180001764843
-0.02460103009141309,0.10128777210335535,0.047278199403807813,538180041773271
-0.028060330629834915,0.09123455602467376,0.04300424067147332,538180071771962
-0.012090253898769067,0.08214270673476907,0.027867217813318062,538180111749871
0.004883800146855682,0.07184738334527821,0.019398775130771498,538180141748568
0.014902211120729095,0.05541195967049306,0.017279970518958878,538180181757029
0.021756526913998236,0.039667909800308196,0.024092584495721516,538180211755798
0.016182915994672326,0.031761270343759314,0.032385541672546696,538180241754496
0.009623350571032918,0.03602893466275642,0.03592248174993527,538180281763000
0.004543270611550311,0.05723234314192241,0.0381987717271405,538180311761770
0.009651056833027851,0.07303363314113435,0.03962015449663882,538180351770207
0.025851224161080603,0.06955200169918806,0.036864789776316666,538180381768900
0.03601583559127445,0.06015735667390331,0.032577611893361905,538180421777366
-0.004500434332527554,0.0035813943436993232,-0.00440567968663321,538180451776159
0.0006267226792786688,-0.004857106511380593,0.002591810624496609,538180481774871
0.00030599338488892396,0.0007044242063114184,0.004417135223664613,538180521752823
-0.0036077213879183874,-0.005808739038268788,0.004369208142774361,538180551751625
0.005655656497020547,-0.0016595534428652707,0.004524938124513765,538180591760077
5.709586406752538e-05,0.002185094727808509,0.0019588121861228982,538180621758779
-0.004063564805290723,-0.0008351611841150267,0.0007780437646320282,538180661767246
-0.00479209554088925,0.001931528259256935,-0.0008753081678897769,538180691765982
-0.0023543649656096064,-9.735442729735767e-05,0.0006627035456666592,538180721764640
-0.0002507403623123654,0.001641245041563424,0.0038798763629197654,538180761773082
0.00550802263430486,0.0010267068106023913,0.0006677930419008896,538180791771857
-0.004393799471806855,-0.0034684848901216864,0.0028554041228228606,538180831749760
0.001657592483601228,0.002212117299757184,0.0016759792394699705,538180861748457
0.0005914673659648958,0.002788145340746138,0.004099027156074659,538180901756900
-0.0038571321989128594,-0.0010394409689793978,-0.003763829417595948,538180931755713
-0.0011537007503920704,0.0012683759696263596,0.002117791329663853,538180961754396
0.004419777756552918,0.0022309679740070763,-0.0005994729955228281,538181001762833
0.0018627567130151844,0.003743672979353932,-0.004488196876693074,538181031761608
0.004078555301410997,0.002748085766053813,0.0060508123314815185,538181071770059
-0.003105466692309736,0.0028909948127537667,-0.0038539650920186904,538181101768762
-0.0004303567063924082,0.0028153891736124623,0.0011874384306526326,538181141777207
0.00449309484478034,0.0024068623734710922,-0.0013287884399384164,538181171775977
0.004704068722225113,0.004093064013665599,-3.165658756847139e-05,538181211753934
-0.0009092810996970231,-0.0016390413466138328,0.0006801116866358313,538181241752645
-0.0020586863470541047,0.0034879894917000083,-0.0020214925161054923,538181271751414
-0.0026753788836033983,0.0019355623022065784,0.004870662679692038,538181311759900
0.0008866033098759714,-0.0036759271667530123,-0.0016754203027187636,538181341758549
-0.0010391522912011801,-0.0035570441139497213,-0.0002901476883838437,538181381767006
0.00035767173046827685,-0.0018290805874458754,0.000520146265412081,538181411765756
-0.0038189889523544025,0.00212141703081522,-0.0009585101935302136,538181451774208
-0.0028806905490608103,0.0017362786610764305,0.0003666238859044151,538181481772814
0.004768201389836859,-0.0024282042999662743,-0.0039582143766852635,538181511771588
-0.0031197322067816973,-0.0048948305509632336,0.004333494005627494,538181551749616
0.0043160154723093985,-0.0007148553305226295,0.0025295584117976597,538181581748251
0.0005177007561165265,0.0018546438087592239,-0.004210554461632612,538181621756723
-0.002040103810137011,0.004323616370710966,0.0022712281052071296,538181651755492
0.00402952787461492,0.004450681443531882,0.004575466741348257,538181691763978
-0.0011152720771316058,-0.0007040365350592996,-0.0036922507116848038,538181721762660
0.00012347543682544176,0.0021557058218366304,-0.002423111842248222,538181751761438
0.003794774912743593,-0.006258522202992805,0.0036760665213379858,538181791769890
0.004105201860739987,-0.0019587130773463988,-0.0009553871058397578,538181821768544
0.0020585473943549254,-0.003178980640207339,-0.0042146846764979555,538181861777010
-0.00019606037611650574,-0.001310804154060181,0.0005098099851341548,538181891775765
0.0016293768492045802,0.0027210829794009476,0.002984452162966954,538181931753655
0.0023151629895834043,-0.0005899142728695407,-0.00031062645932788876,538181961752342
0.0048528629369595675,-0.004208159471262552,0.001222828909432049,538182001760805
0.005133829731887374,0.0038811603541603844,6.23996522238773e-05,538182031759607
-0.0037265010242650397,-0.00402270753176202,-0.003912654451464875,538182061758290
0.001962385833490637,-0.00013318053369365654,0.0026553712665100125,538182101766718
-0.00035717583315387797,-0.002137524251973691,0.004882023757327332,538182131765492
-0.0039107307152097875,0.002345625206845872,-0.0015173572802953674,538182171773968
-0.00298193528137458,-0.0031457038045515375,0.00044110720477436434,538182201772655
0.0019305337091776865,0.003235674851376936,0.001017275542750891,538182241750597
0.005008036723811086,0.004968646541990223,0.004546737497660662,538182271749381
0.0013338168928023328,-0.0007263656632891819,-0.002709781189393723,538182301778587
-0.0011227566939247566,-0.0017517022662739096,0.0035455470302547354,538182341756602
-0.0018118826371824296,-0.0022008137343494136,-6.176642243261975e-05,538182371755294
0.0025433016052924095,-0.004705202648049534,-0.005398187098534411,538182411763780
-0.0028291641298724864,3.252328870919944e-05,0.0017771515824552436,538182441762481
0.003063570747932653,0.003749661874465083,-0.0014871419197369621,538182481770905
-0.003983575552961715,-0.00508149037262949,0.004275245580437315,538182511769659
0.0007206062111645077,-0.0026730053466111074,0.0002234935062569003,538182541768361
-0.0008968389508134495,0.0020559487790561435,-0.0009966297981312973,538182581776813
-0.0038569776402683697,0.0032433169649955435,-0.0002855576422418416,538182611775587
-0.001232764808711385,0.0015027470824173442,-0.0006984255700608124,538182651753483
-0.0005528884026966348,0.004598505031627962,0.0002567486706521304,538182681752146
-0.0006402438665793718,0.004012575434486877,-0.00010693496979926363,538182721760661
0.004226922896184391,0.0029328641710222934,0.0008338986308587284,538182751759429
0.0030716120614871865,-0.0013263967831231567,0.0012080206786521087,538182781758117
0.0031011498353284545,0.0022864406239485576,-0.0007819781745662921,538182821766588
-0.001103149889069453,-8.68372951298376e-05,-0.005254838469923076,538182851765251
0.004859712210860372,-0.004284902447717261,-0.00409534126574156,538182891773718
0.0021409461855951013,0.0037695732333019663,-0.0021576134990380644,538182921772482
-0.002434763543018788,0.003649375071609354,-0.0029957852501193132,538182961750362
0.004726858395480517,-0.0028143823225276273,0.002754166098321705,538182991749064
-0.004526485414799912,0.0020536535346145036,0.002292026240093835,538183031757515
-0.0015414757237903606,-0.0012728932458204876,0.0019944944230305454,538183061756308
0.004264329930307625,-0.00037505647538030166,-0.0007321051807227654,538183091755010
-0.00037882363965603867,0.0008868559455932484,0.0017454251376065907,538183131763491
0.0016157045996868361,0.0028723261863252227,-0.000505225057612836,538183161762251
-0.0007453778117780733,-0.0014261841359128732,0.002053666962654858,538183201770751
-0.003746720991325891,0.000441860429869145,-0.00044283457001726323,538183231769462
-0.001469328753394753,-0.001851413107687121,0.0011733878209719325,538183271777934
0.0013675008057298626,0.004292537620098567,0.0027497987958043347,538183301776631
-0.00448851546866684,-0.0015858239277281028,0.0003346469570622805,538183331775409
-0.006026615197694638,0.005656918971818267,0.0014014938442041178,538183371753323
-0.00233479393444438,0.0004936019545870303,0.0036234734312946297,538183401752035
-0.0027176134567878526,0.002719831771522013,0.002174779952564547,538183441760482
-0.0009578613102943629,-0.0013727217600756187,-0.004229109725971534,538183471759236
0.002212075205598218,0.005039596057556975,-0.001424993114554678,538183511767688
-0.0014799564338818453,-0.0004928442333066472,0.0007050471770962864,538183541766367
0.0046864707706046815,-0.0016198672071317626,-0.0026265849118135088,538183571765040
0.00022169078775948603,-0.003289546145389657,-0.0032659391750276484,538183611773545
-0.0032518895502267183,0.001284110641336132,0.001525608987019251,538183641772242
-0.0012947259570514245,0.002958100425453697,-0.00043172021825382476,538183681750194
-0.004360108691404765,0.0031215937714725276,-0.004628431861083829,538183704913040
0.0005322249238750317,-0.0001912327279642562,-0.0037875443815564096,538183768009237
0.0026973156411553506,-0.004860409914989854,0.005671060909178445,538183789019323
-0.002619,-2.5000000000000066e-05,0.002882,538183828997289
