-0.016,9.557,0.411,538148010187191
0.06342105299063874,9.509231124808784,0.4660767962802052,538148050586211
-0.028559260323751265,9.444606044563907,0.4775187720048702,538148081941938
-0.03355600407787471,9.52135192271537,0.05487129502032805,538148121753183
0.025175349537800158,9.550903396255931,0.4349787143833658,538148151751947
-0.0035894990866094335,9.624695617560704,0.5445584260946194,538148191760427
-0.015253357160035994,9.517456338398048,0.5373479940545123,538148221759134
0.019922910232683905,9.644309544277515,0.4178443252860127,538148261767570
0.04249256668876668,9.598055734172117,0.385286985867539,538148291766393
-0.02421391304441921,9.594714276908144,0.4591864506887144,538148321765095
0.04934378702937457,9.510602532694083,0.43842963404415686,538148361773557
-0.03012101684328627,9.536588983383677,0.3418315284776344,538148391772316
-0.007888175503932752,9.485732283697859,0.37017486015123063,538148431750316
-0.009037973217222623,9.564701880302025,0.4101012074274202,538148461749004
0.09189549629890437,9.545029631616437,0.44371419083152686,538148501757552
-0.09152965824174608,9.599109166328903,0.4851139288748757,538148531756268
0.004050948885052326,9.586022206467794,0.490460213470353,538148561755053
-0.004034904580784057,9.580441633164769,0.3704777000311416,538148601763494
0.02094399863632781,9.502603208267356,0.4730032003573912,538148631762264
-0.046106113182593014,9.542631528246755,0.4125469129039415,538148671770740
-0.03685030561325153,9.568537428514361,0.3471009344184268,538148701769480
-0.12392910814873619,9.631798111300997,0.3715086568097039,538148741777941
0.03325483222151919,9.555377935437019,0.5432398525374995,538148771776691
-0.07508283218253234,9.499361608940767,0.4738384505894017,538148811754634
-0.0033761224293919158,9.548782408914875,0.14484897466142324,538148841753383
0.04129570167678889,9.587205375786764,0.4562796201883543,538148871752070
-0.0710370579286777,9.578164176117177,0.550357841137078,538148911760606
-0.03969891856703089,9.521517626298065,0.44205952344800636,538148941759283
0.052376114735824784,9.558028907500166,0.4234212964720021,538148981767822
-0.021849435557795466,9.592420205993882,0.3130696564234232,538149011766528
0.022890990289967047,9.558366182976323,0.33519551659977814,538149051775008
-0.06003540676866777,9.60299353741166,0.42830927067643576,538149081773787
0.10428400935641167,9.54158200234063,0.46838688633970055,538149111772587
-0.17559489650104554,9.549415746542723,0.3080262173889788,538149151750500
-0.022591538042546246,9.552696739074687,0.3433126232838351,538149181749259
0.05504893974437432,9.546628847329112,0.3968653159272432,538149221757726
0.03239424734954764,9.483758923002544,0.3244116690567834,538149251756509
-0.05364511992121097,9.5779282670691,0.46028575494943297,538149291764961
-0.02376071800083642,9.563899503284723,0.4011134715149741,538149321763643
-0.016360615828701575,9.607807357838968,0.32545655848885824,538149351762383
0.027081247733397373,9.573230003459111,0.2939273622721992,538149391770888
-0.05522884912268258,9.554551165029181,0.35829495955473706,538149421769652
-0.04337283710437192,9.552052884068672,0.44580329624103865,538149461778114
0.1208007678635926,9.531761229308986,0.2699119357808111,538149491776902
-0.06522803651371639,9.474736672377954,0.3100454434331697,538149531754854
-0.11155301340497968,9.498571093854325,0.2722357780737872,538149561753619
-0.1658926772849727,9.581186122344485,0.32500647110329667,538149601762048
-0.019750356344433735,9.64107587444151,0.3974125240670552,538149631760827
0.04714388667781773,9.572408470971984,0.5880934392641393,538149661759476
-0.060891648167409995,9.631350567871797,0.4011678775158844,538149701768009
-0.055158018207874034,9.625942583514325,0.3004092514022515,538149731766702
-0.02297706211369547,9.557764230422434,0.3213121601018885,538149771775234
-0.02555932778803607,9.4883495446799,0.4060259741559982,538149801773941
-0.06756437478453228,9.52314061115291,0.29194071043239933,538149841751922
-0.1038283662488863,9.560747823428985,0.34112441807990346,538149871750647
0.11080948312805455,9.587237566944598,0.483666746074941,538149901749417
-0.02939612946694761,9.594403164380456,0.3766407848373838,538149941757836
-0.06115045933088929,9.562699235150385,0.35191433720885446,538149971756605
-0.008720197582966516,9.59966661835828,0.44738983473680605,538150011765062
0.016000674397045635,9.547862809017122,0.3423734620507115,538150041763845
0.02855365607818201,9.598051779981896,0.28169920586226505,538150081772283
-0.11934914212235001,9.549852929697032,0.43432434574821266,538150111771066
-0.01613252285108487,9.556570421360924,0.22418998415066638,538150151749062
-0.044722637908915404,9.493306657614971,0.381484354381823,538150181778287
0.016114074901070474,9.469499788553351,0.4873407532068022,538150211777076
-0.09586799403925138,9.453569172648535,0.22414226901345397,538150251755076
-0.023732998536836452,9.51478054818408,0.022189013239465826,538150281753777
0.002916799453564201,9.615286372939229,0.14276193148876656,538150321762254
-0.2949314860805071,9.647922092385645,0.48336037251617464,538150351760994
-0.0018859446936732827,9.592502320610096,0.6384259235781109,538150391769437
0.014574103589299819,9.637698969403743,0.5177242809094726,538150421768211
-0.061079568091430454,9.680923819935263,0.23240445303297333,538150451766926
0.0034028466523574456,9.561527125078921,0.46241173331293,538150491775494
0.0006950220950789785,9.514688741465621,0.3764968083439837,538150521774172
-0.11196848483617206,9.47392164973104,0.29379840323162326,538150561752172
-0.1274272008261824,9.522988095639873,0.277660765504179,538150591750956
-0.0786851080930557,9.580866860192524,0.32690616969562214,538150631759359
0.029034935146903577,9.564398828254067,0.4363259223846411,538150661758042
0.019469410914408708,9.522407369607489,0.403295487069917,538150691756787
-0.05074465673312135,9.519643652374038,0.3759312552959069,538150731765235
-0.01654230460202416,9.53318393779413,0.21549039255489627,538150761763999
-0.06519656715992474,9.557210818995076,0.31021432141851507,538150801772461
-0.06932491536424044,9.604974329453903,0.4197753426016235,538150831771269
-0.026443871686747278,9.64194832171696,0.7166066643855313,538150871749187
0.003785944904435003,9.58105237615832,0.40156250585787906,538150901778514
-0.008455805646553296,9.60730307791315,0.4416058885137168,538150941756427
0.003361496431259583,9.525753133453327,0.43720596680709445,538150971755220
-0.13310284670678255,9.47645482059555,0.32960906885047464,538151001753918
0.07603245536130396,9.549358334799171,0.3045702206831873,538151041762455
-0.12362593870834845,9.612966455743441,0.7297490614101863,538151071761144
-0.06693612627997227,9.590716381987193,0.46091064726569064,538151111769648
0.06119473895278818,9.531447697834803,0.5206605835090794,538151141768351
-0.13759830389139982,9.59486056030551,0.4542578570734486,538151181776802
-0.14133581021994318,9.651365205449556,0.348145887660059,538151211775572
-0.032262764446546834,9.616415208318193,0.46176853043644916,538151241774336
0.05593036634012318,9.523785364100108,0.47540800268299477,538151281752283
-0.15312952505780364,9.543698061253203,0.33812543934225087,538151311751067
-0.12130109380329418,9.52874675535963,0.43542013254661277,538151351759514
0.02038859044430688,9.526357025582028,0.5106239715642461,538151381758283
0.03880191096216208,9.55799648111611,0.3743579839752977,538151421766769
-0.01919769407803873,9.53526393140689,0.34479599638299,538151451765456
-0.10981648792495328,9.564985813044123,0.29619796928259035,538151491773981
0.07557747177723387,9.529690440261978,0.530364448442428,538151521772682
-0.12788905317691024,9.561190930128838,0.31532662331338357,538151551771460
-0.04998153966732468,9.510538450549964,0.38345776042028784,538151591749466
-0.031011562743015732,9.570785342973066,0.35716382274474173,538151621778644
-0.03429951152464987,9.585668124037369,0.1799722265040981,538151661756563
0.013285602018288715,9.568145874346683,0.4883481476068385,538151691755365
-0.08628795023166909,9.52753050613087,0.4067467399146421,538151731763889
-0.10026306238793062,9.492690047230163,0.2500146779765507,538151761762553
-0.1014208555858265,9.565306094806981,0.2929340478123242,538151791761235
-0.05289315777516598,9.601722230841217,0.3326827411484265,538151831769774
-0.04473556296544497,9.623298577333143,0.5245145476769982,538151861768466
0.08084496447431634,9.609455610118623,0.5594915596792398,538151901776947
0.027183369017007228,9.619078327166253,0.3052791234406213,538151931775726
-0.07528648188777029,9.612399357565279,0.25068280290300077,538151971753673
0.021382412339173852,9.53454403276519,0.3513867686538188,538152001752380
-0.10893588667837995,9.528263236232606,0.2536826364722061,538152031751188
-0.04240649124052544,9.509454481903582,0.3228678974354975,538152071759630
-0.04282240343837497,9.572396657937047,0.3111837468805467,538152101758438
-0.12041728319340968,9.600408149541762,0.36364871370324686,538152141766860
-0.04419924544570527,9.555243308329722,0.31203452109446705,538152171765649
-0.1428956791073898,9.561217013112145,0.24135499699479332,538152211774105
0.02252493753036488,9.553817848055758,0.350434688021579,538152241772880
-0.004304901932477695,9.565870456400777,0.2605937018232311,538152281750822
-0.16260530562893105,9.633133939404708,0.42566730108243217,538152311749615
-0.04809767416663187,9.625081616699566,0.309222757932159,538152341748318
-0.10871337043713888,9.638282012861636,0.28871075902931176,538152381756851
-0.007331550859817085,9.590219721750318,0.370271426687384,538152411755543
-0.12860971719269995,9.55584682984423,0.2432896535254871,538152451764004
-0.11970521852251091,9.472748766209863,0.18981419118870604,538152481762807
0.12941243854022233,9.452814626122889,0.20171766204407052,538152521771231
-0.1606508485094912,9.48690274280255,0.10045649588397336,538152551770000
-0.21540865400329562,9.541650623003155,0.2351457500209721,538152581768649
0.12513668941490552,9.566080708850162,0.41343545102078144,538152621777177
-0.05500930565009102,9.63337742891804,0.12225455405558112,538152651775890
0.005383985452810809,9.670537030686363,0.24726828478558727,538152691753846
-0.061265008575372565,9.665098040639942,0.4252898963601439,538152721752548
0.03219906939592317,9.55751394144873,0.26616065230869007,538152761761057
-0.003711051776890138,9.47249396140053,0.06779443990173631,538152791759782
-0.06703705394651119,9.478058057055048,0.22491423508113434,538152821758542
-0.06700011386211498,9.48479732749095,0.14063527175079943,538152861766970
0.0164128623345238,9.464678480470821,0.16182822747710282,538152891765691
-0.08564673356436357,9.550144633179483,0.18957950577239457,538152931774225
-0.028530367544200724,9.572868728008714,0.1703389552818028,538152961772894
-0.02152061910361754,9.610285341255164,0.2371257125866595,538153001750903
0.031546185985129906,9.588818128922624,0.2750411444723548,538153031749587
0.044938146300368235,9.620322154613755,0.2482474340530326,538153071758157
-0.05683840117930763,9.597226867638357,0.21648613276618334,538153101756803
-0.09856155079675515,9.634269814725444,0.2024818381138163,538153131755581
-0.0303564924790034,9.61474418370643,0.29540360526961723,538153171764057
0.10443027241399122,9.573581504856786,0.245064908249883,538153201762763
-0.006401599543832518,9.516103193616415,0.179401073562138,538153241771341
-0.1327868304944549,9.559967526157731,0.021932432567165653,538153271770037
-0.05277635416369089,9.572321314927184,0.28205017440469043,538153311778605
0.06095309447645752,9.60671052550681,0.5175468436029798,538153341777283
-0.05082855767246084,9.571132259065154,0.296988935297126,538153371776066
-0.07653281945778008,9.616623750955481,0.08532857018572426,538153411753980
0.05485917592813972,9.5766999109218,0.2024642398836305,538153441752741
-0.07580660792838935,9.566437619762377,0.27617161839778975,538153481761173
-0.07550902987826431,9.526348752734883,0.36076275455166934,538153511759967
-0.15957435535857173,9.540769641722822,0.14472618086702718,538153551768428
0.031126597865695316,9.539382861899666,0.09327074109125086,538153581767077
0.08293685850805789,9.57841476225847,0.24687297931039598,538153621775630
0.001282173893612907,9.56247152067734,0.29166768055001746,538153651774328
-0.07436714761561233,9.509750848940433,0.24361984729394492,538153681773101
0.017464634894612904,9.495514604589923,0.02213860890744885,538153721750990
-0.17030125333578514,9.59480080083026,0.12503718735796743,538153751749764
0.1090067347252315,9.5268122003892,0.4799346517828589,538153791758245
0.0027564312181358004,9.574468772544831,0.17779825334011162,538153821757004
-0.07079421339540182,9.57954144578618,0.05342373406265979,538153861765456
-0.007745572322575775,9.596561312650463,0.2221543140084621,538153891764148
-0.06106351225244354,9.509370849949638,0.31181017119604065,538153921762909
0.04351856472329916,9.598298383823622,0.1439365450200451,538153961771375
-0.06852977764722476,9.621922348080552,0.26185346069145155,538153991770130
-0.008889886849689152,9.615399256419105,0.22871934146467435,538154031778606
0.07271591335379957,9.564689437056698,0.41135263654526133,538154061777394
0.06879631729245814,9.608982257127582,0.22719358902707593,538154101755303
0.04622406087670684,9.595382929212777,0.2407626390868365,538154131754058
-0.05912136275949509,9.622039302187115,0.23899010521979663,538154161752740
0.09501017133638842,9.528668745249446,0.2396766804894075,538154201761183
-0.14146861435131072,9.552942757169404,0.09227716312350218,538154231759961
0.005441865315026276,9.616182291481435,0.22526081554792776,538154271768414
0.018587082880493155,9.614584049932603,0.3142568182492928,538154301767207
-0.09473935177535565,9.572715285493711,0.2210589464338863,538154341775716
-0.025275385825861356,9.587741875351618,0.34214810790312816,538154371774461
-0.03240321119943987,9.572344594391371,0.0944602909866758,538154411752418
-0.0459018953613311,9.575914109488872,0.22509746128532462,538154441751130
0.027329716627735763,9.53929185952602,0.2902693613077644,538154471749817
-0.05805365111484524,9.531736862892258,0.2522963323190075,538154511758366
-0.03716555338887833,9.50029377825206,0.2802842018274036,538154541757038
-0.17903487727557263,9.559294794932764,0.07223272702235103,538154581765515
-0.09879996297575865,9.545595727966733,0.23313400150035604,538154611764298
-0.09745057034563465,9.521158578659925,0.3251097013241302,538154651772889
-0.17118219207690114,9.473348597620108,0.14953860648020245,538154681771616
-0.05729633789368377,9.456236905349408,0.023063524461997872,538154711770380
-0.2818543762120353,9.590102053407962,0.2086786440059446,538154751748298
-0.13042296464247063,9.696252133626484,0.362314628254152,538154781777558
-0.07453297416847846,9.685632579164293,0.41267681407800705,538154821755534
0.057830771736377413,9.63875591989705,0.39618152260396877,538154851754227
-0.04268898462948682,9.666452218583155,0.17312920713812788,538154891762639
-0.1045430097432478,9.67471247263226,0.20995615177572366,538154921761414
0.03303269713404745,9.621849132337376,0.3680944396609395,538154961769856
-0.05603005919414495,9.50106952334375,0.2389775293307532,538154991768610
0.015915840570533323,9.470138416833963,0.17272696540289534,538155021767332
0.007742260943677062,9.473951102659607,0.17676159392243587,538155061775903
-0.04801626363243923,9.499353530108422,0.13902097767647256,538155091774624
-0.04797073466280535,9.487940063365276,0.3421051227512813,538155131752581
-0.09835040994556964,9.59519355410236,0.17120172057747354,538155161751258
-0.07179648660704668,9.593881172655527,0.26127925993040235,538155201759720
0.13849373197961393,9.546604105064269,0.11573098019568873,538155231758484
0.2727674652566439,9.570062911534349,0.17722709078944454,538155261757239
0.11443560564667465,9.628421622075354,0.33186725853088866,538155301765710
-0.0505623317016998,9.660063471510972,0.10757083763366664,538155331764475
-0.048745372159432386,9.698742024624266,0.19324763513169801,538155371772928
0.01434528837076023,9.63600477084192,0.22600076844575623,538155401771625
-0.08893509335287227,9.505421208878765,0.3095569259573134,538155441749626
-0.08279669096774779,9.496455651761279,0.0030242305176897757,538155471748399
-0.0885234765214699,9.543217738125586,0.10145442972245998,538155501777563
-0.0011130870677810482,9.509086781466875,0.3755997007331582,538155541755567
-0.017607545271984746,9.527714389065675,0.1965998295208212,538155571754346
-0.0495919974026174,9.523110684116496,0.16001790347378345,538155611762817
-0.1143286214621048,9.552192149427023,0.22655605258049558,538155641761495
-0.09474440844561792,9.55290393887318,0.299956886406249,538155681770015
0.1209787504361286,9.502560141827697,0.1564459816573449,538155711768769
-0.2696940629910718,9.530182514984402,0.2117816075110059,538155751777169
-0.04914254890190048,9.658568374340216,0.24429249957088003,538155781775962
-0.010731252366751837,9.621236686739024,0.406704524911585,538155811774726
-0.16463572387323228,9.548863416590255,0.24670835812170386,538155851752635
-0.10384007704892995,9.515012541122971,0.19729139564423676,538155881751409
-0.06808451945122211,9.548326059350769,0.0646639832264395,538155921759870
0.06329932685325317,9.541116660155872,0.2129029296950966,538155951327456
0.01194935819565848,9.560189427162314,0.2762563775911266,538155991767057
-0.09335397901085929,9.600908626864152,0.11126544911077633,538156021765745
-0.1223487401801848,9.628219806190183,0.2636324629645803,538156051764533
-0.144544038544609,9.58755962657258,0.3332527520150276,538156091773086
0.01804235682419754,9.67622304319476,-0.0901250276961366,538156121771783
-0.14329568332095777,9.601068431048562,0.0833727340497793,538156161749686
-0.03508159791510709,9.611802117882977,0.005110467337820123,538156191748475
-0.26038922460204283,9.533637117819023,0.14734563422679192,538156231756927
-0.2970346691710119,9.49541962252317,0.22097728194523913,538156261755710
0.019076478232572438,9.420938865024656,0.1096051856490738,538156301764187
-0.19331136581350403,9.433892475742793,-0.10476386291013104,538156331762955
-0.16053197250708012,9.559810811540235,0.014581919278076401,538156361761639
-0.09215755011062633,9.579100587521536,-0.03752731678039013,538156401770105
-0.09987932648002676,9.632777423272518,0.03268921633023655,538156431768895
0.030413308291187553,9.685466757230529,0.4051256402437537,538156471777365
-0.08368814893925926,9.680486228271214,0.26529068788128485,538156501776029
-0.15997345211826292,9.606846771975183,0.17402217142895612,538156541754000
-0.12484481270076855,9.630384840939424,0.1816190565250099,538156571752812
-0.055760097403545816,9.594615450579917,0.14862790474481893,538156601751484
-0.18678390661473965,9.53652109675307,0.16866083604000337,538156641759927
-0.1077658174751387,9.510913505363218,0.15871145987728788,538156671758691
-0.0236833242690239,9.521865604339988,0.18184250185706424,538156711767264
-0.10720333936019703,9.554565682589068,0.2119779620505851,538156741765960
-0.03390616959246438,9.554622963159803,0.1857152884702093,538156781774422
-0.25325139804176333,9.553295883767046,0.12801905740535294,538156811773181
-0.13186739401649558,9.500481778329636,0.1805914482227346,538156841771898
-0.005390504417303606,9.534558447235664,0.07231126869485317,538156881749821
-0.28351582181358026,9.559919098657312,0.14270163606092046,538156911748581
-0.12674168716074516,9.651444040357314,0.24471479490841033,538156951757038
-0.1487476882237355,9.670065266563975,0.3690212706323908,538156981755812
-0.020977019383877613,9.649645623235523,0.21308598149126312,538157021764283
-0.07856476724639462,9.586273838542244,0.08367516655851118,538157051763037
-0.18765359617896352,9.571439428476626,0.28218219347667717,538157091771504
0.042720652301028554,9.5317869131003,0.24177936858550542,538157121770196
-0.20224817804193232,9.53648277449534,0.09663051180784497,538157151768965
-0.0978425443418416,9.534657032937233,-0.10484707881375001,538157191777437
-0.05239226100022817,9.51254395424424,0.2247179907713478,538157221776129
-0.004008703990261092,9.562195333226612,0.20853432665779892,538157261754128
-0.2352442051940265,9.514454798094608,-0.1481833881736624,538157291752865
-0.27468845251524227,9.500031775364182,0.06990325554060026,538157331761321
-0.12991341890406802,9.479327589288918,0.0961705628682352,538157361760019
-0.21298708762273064,9.58514662726775,-0.023882894071312662,538157391758797
-0.12535727865194024,9.567958202854697,0.028933936073882727,538157431767221
-0.040361502707391986,9.658397234341171,0.044847691755028715,538157461765913
-0.12732930172734358,9.679501785972796,0.20592289926798155,538157501774452
-0.10637492908770076,9.698587475748237,0.1623582989254775,538157531773260
-0.027854143180520666,9.579555858765023,-0.06173465809098928,538157571751183
-0.25407931332390954,9.609715398806324,-0.13303651181346535,538157601749875
-0.30439946074115354,9.586246486991618,0.008919691644690385,538157631748669
-0.07269412183553219,9.611519196598536,0.11546340340091335,538157671757154
-0.07860684000446669,9.567678886910771,0.06703623771786431,538157701755851
-0.16893948931697028,9.556854887887058,-0.0649790383904948,538157741764394
-0.1187561960721479,9.532288352263702,-0.11814400424828804,538157771763169
-0.060347386150004186,9.46523267836694,-0.011041718872750954,538157811771629
-0.2777773833252237,9.508247961170238,-0.1963410010713316,538157841770303
-0.12752207385058104,9.507183854743992,0.018173719416189765,538157881778750
-0.13174092750589567,9.570544939440465,-0.1385059330931515,538157911777481
-0.18471891024492249,9.580132818029172,-0.21564714331956691,538157941776149
-0.21008898632975173,9.588088379730475,-0.02965471165833373,538157981754140
-0.21390530003440078,9.5615212773134,0.08519563205257231,538158011752803
-0.14279153945587822,9.606115042711806,-0.11200007529539359,538158051761284
-0.08148378438117895,9.61128013584369,-0.05850644967175912,538158081760053
-0.28438993765021503,9.58522705131734,-0.1752826219368515,538158121768500
-0.2540801591475668,9.573451672981507,-0.3873013791160768,538158151767351
-0.1370673684161932,9.521512098114682,-0.07325106142659803,538158181766044
-0.05280528669213947,9.469264144489962,-0.00682504930554346,538158221774524
0.03713657115038597,9.417627735970836,-0.4499001031025736,538158251773265
-0.30360854974556317,9.547973251544391,-0.1301532595437721,538158291751178
-0.09813269999394858,9.64659165687361,-0.05543999192334301,538158321749951
-0.0378649665395719,9.698437640135708,0.022595123524167274,538158361758384
-0.14599520959267143,9.660637014710883,0.15083717486823825,538158391757119
-0.008785627162026246,9.608063416956735,-0.04081346568740875,538158431765543
-0.41834612780388697,9.692060960582383,-0.1690815680790045,538158461764235
-0.06788227793079246,9.640848333008075,-0.15801839158787231,538158491763023
0.06083059599401021,9.61773802269032,-0.06409994835762821,538158531771568
-0.0037098435714655632,9.62284112040622,-0.18101035203996,538158561770284
0.05188735480351262,9.635335776376309,0.06077808152464913,538158601748269
-0.07407537332947499,9.65605129201092,0.018013079313788777,538158631777572
-0.15074413952340832,9.680270962069876,0.07777885922639971,538158671755519
-0.13494731255307235,9.696861042453376,0.14962689914947336,538158701754183
0.0033247057386993732,9.681167691086634,-0.0009368973093088796,538158731752937
-0.13143037543228944,9.626124191048262,-0.11785689019678908,538158771761461
-0.06189395872995458,9.54541616521936,0.08652236042617593,538158801760129
-0.0782349459337729,9.485725121628768,-0.047721038687448834,538158841768615
-0.14928973818036761,9.41886124373535,-0.17432686657481536,538158871767394
-0.04279096927760787,9.479310399390386,-0.11712982759223758,538158911775894
-0.050791699002769454,9.434785620247279,-0.07671709550902155,538158941774601
-0.17445407384486042,9.391871278952362,0.04573440033698509,538158971773356
-0.025843383386953116,9.412343361192551,-0.15853387972037575,538159011751370
0.013676436911464834,9.448258404499336,-0.14728412283290276,538159041750063
0.025984178777119733,9.562505880752342,0.15864055096705382,538159081758509
-0.046067015899290104,9.65287780878211,0.06989443653735883,538159111757265
-0.009391056804662453,9.692410085304125,-0.0283833599671438,538159151765721
0.15577523293185938,9.668015675570233,0.008093258307811116,538159181764433
-0.01790961275148297,9.643745574883432,0.21576636527722362,538159221772885
0.004938779127343954,9.61122518766442,0.052357756722585753,538159251771654
0.10172022051682095,9.61589763112526,0.26954005452485325,538159281770356
-0.05269189304951499,9.55279364588305,0.25652236326556904,538159321748370
-0.018837076755449572,9.65463073748622,0.0287570578505058,538159351777683
0.10866776144313779,9.717159348404454,0.08319353098682684,538159391755596
0.11167255491414615,9.598426273330876,0.24628509695558967,538159421754298
0.09897350379689351,9.32533969088939,0.2918919308145705,538159461762760
0.29571963755964914,9.248189365219927,-0.208524567014846,538159491761529
0.09059056072872339,9.476182241575808,-0.45550822729062407,538159521760217
-0.19628701551341088,9.631035057840622,-0.1936910059055328,538159561768768
-0.19806355582764748,9.8421941409315,0.18991777510376223,538159591767538
-0.10503205726568061,9.8941740342747,0.015127970625185514,538159631776009
-0.24511037326635726,9.807174310716551,-0.16746512828842158,538159661774697
-0.1585182183151432,9.605160674350143,0.5049357620712652,538159701752597
-0.1588420590915797,9.41773324026847,0.38702734547133166,538159731751351
-0.1247703455529797,9.442787515966183,-0.14145885813458736,538159771759885
-0.32706252661445123,9.49752147661184,-0.029826890692683246,538159801758557
-0.4775702145002051,9.624477289100188,0.17776734526714724,538159831757298
-0.25465779454284915,9.571955919498704,0.14960645486087637,538159871765736
-0.22166461964037282,9.631735175007217,-0.16961713579618518,538159901764457
0.06944250227115478,9.573498286035923,0.10236333747372303,538159941772890
-0.0066583144082684766,9.523733495480975,0.10738519051722092,538159971771630
-0.10744622012118553,9.544306884324401,0.04542452388708864,538160011749673
-0.13590247983285486,9.578184276491534,0.27187359615604045,538160041748384
-0.18765569452488884,9.692719043051685,0.13498775305773275,538160071777611
-0.128920591504522,9.657666821891336,0.22297345993058051,538160111755601
-0.15267558318548652,9.637359456557057,0.22084977220961566,538160141754341
0.08747848205405684,9.62183632700467,0.15604069374796045,538160181762798
0.12345826320660037,9.45509266735719,-0.09741847097055532,538160211761543
-0.13083798584912643,9.450245067575025,-0.234678955011506,538160251770004
0.05617261818652261,9.427270535544599,-0.10760019142140186,538160281768692
-0.07169280893391426,9.521135555600084,0.10238771083977102,538160311767441
-0.4098582729510814,9.453648982525406,-0.10419228211123688,538160351775956
-0.02428387152116713,9.442906582786277,0.29769642501897003,538160381774663
0.22046264060279894,9.560956880398763,0.6031844580018868,538160421752581
0.14176138432066218,9.564598907860347,0.24116000520783412,538160451751357
0.26010537282698243,9.588692664466027,-0.08000590397978005,538160491759793
0.1148900411390236,9.609612216942757,-0.10568905486786768,538160521758530
0.20810543835314452,9.629377201449278,0.2990533534064163,538160561766995
0.4200758262826066,9.65672550059468,0.42487493231509055,538160591765765
0.16976379876948341,9.740033994612302,0.2702400681190278,538160621764472
0.07521523735987325,9.862404036093475,0.4663437954470754,538160661773025
0.33535616935312107,9.75295811248002,1.189834167109003,538160691771823
0.12724475365922097,9.60030819865669,0.6760394268922931,538160731749760
-0.05622636828241758,9.464500615271874,-0.2673081201699945,538160761748447
0.09496628132454099,9.420799493927909,-0.37828121046261287,538160801756909
-0.11930636246093823,9.421042903178103,-0.17168601625445043,538160831755654
-0.021196054676268845,9.355624207176037,-0.0790404186588652,538160861754347
0.03252237702376051,9.423720779382393,-0.4181341300998892,538160901762759
0.08003367710493921,9.503582375119931,-0.06877756609546563,538160931761520
0.14422412277169136,9.540463089166979,0.20923656390896525,538160971770067
0.11726794540848047,9.652355159586154,0.07882042711786225,538161001768765
0.12683206511175718,9.7112629441673,0.08963563047516773,538161041777255
0.05700246201543877,9.809369504972812,0.2807862628950615,538161071776024
0.3420118619881358,9.722997763582438,0.3748226810204895,538161111753976
0.02464219159348693,9.65179134145299,0.18825437742279919,538161141752677
0.0549593772002509,9.576806927235792,0.10173141371280302,538161171751422
0.13860462362424147,9.465798612327255,-0.1695238172372688,538161211759889
0.019393177294087197,9.44457022257997,-0.40955874305417755,538161241758561
0.12736080445571754,9.46187659685197,-0.1856631789763091,538161281767028
0.11158064604155928,9.523649057784231,0.0037545264780820408,538161311765711
-0.12686652965834838,9.607394684688668,0.009312799574988592,538161351774244
9.522250106370773e-05,9.650056674229731,0.17924820371380593,538161381772956
0.19473440880915713,9.630532789194556,0.12026350585964965,538161411771692
0.1327357657493835,9.615475690002206,0.1244820555571445,538161451749634
0.0943964040639044,9.628507921292217,-0.2336160192130262,538161481748374
0.08149848702037639,9.625973166485343,0.010268046724365675,538161521756895
0.1950614363915448,9.6603002831487,0.12216052382396399,538161551755654
-0.009159920931415622,9.682215257438225,0.3208599762713301,538161591764150
0.26494050553954057,9.552331646392096,0.15818477349234208,538161621762871
-0.13527879390093434,9.643734786754077,0.18678884334867335,538161651761601
0.0073227523816425085,9.640279922496067,0.13834181213473856,538161691770025
0.2555893379278149,9.467422179354209,0.1239313592010164,538161721768783
0.005722091395208789,9.36871732641811,0.04826048377396618,538161761777264
0.151685371718725,9.357692686942999,-0.018343447972744863,538161791776033
0.08765445999878616,9.305794364519604,-0.17750591191505724,538161831753922
0.08277043436651173,9.37667193143254,-0.10351769839165832,538161861752649
-0.15463228190421016,9.631203219616976,0.24196209425185375,538161901761124
-0.10433902196733309,9.683415053610906,0.178342078430738,538161931759909
0.2533586547148886,9.644524978707478,0.12512944813272087,538161961758629
0.22189879925245037,9.584721743535397,0.02450880785820628,538162001767158
0.09767323229431547,9.66126249713598,-0.21021103707951866,538162031765869
0.09281841564734687,9.715853095392971,0.2610310894715817,538162071774408
-0.03492182247221384,9.775343675466273,0.370938303196248,538162101773076
-0.05428133880985386,9.688276975667279,0.12207335366020591,538162141750995
0.00678295289303572,9.795912431804375,-0.11628709052714636,538162171749722
0.3168845847693939,9.743709191679859,-0.056044388342365366,538162201748433
0.43744770595588395,9.734225763495436,0.11287063168704396,538162241756890
0.4609821070740616,9.605103648214833,0.02355214489156117,538162271755669
0.09540288359615119,9.477905577074758,0.17254308375945193,538162311764139
0.07007592006244316,9.44258871211196,0.11360426452737907,538162341762832
0.11706099848099567,9.306649888943715,-0.07886078950387321,538162381771379
-0.08367283419611267,9.453327681471151,-0.1891431842325084,538162411770029
-0.09510963490085889,9.536015654753381,0.0735772117473123,538162441768793
0.05860873584348864,9.329430404557586,-0.06270640912182325,538162481777235
0.1310811770414168,9.331756214401901,-0.15836205126909284,538162511775885
0.47597665280487256,9.43330765228428,0.03193008693860423,538162551753918
0.36412234257177845,9.604891879906551,0.2917205532846991,538162581752602
0.47045284506455487,9.79650390332798,0.13215002330891892,538162621761039
0.39590000921436647,9.771352996795885,0.1709349779866212,538162651759837
0.28932008740219234,9.74395789469871,0.008662507701139315,538162691768284
0.1796695523983507,9.72753142871204,0.10721617275536195,538162721767095
-0.013467274658399506,9.62144395967477,0.34475375850503165,538162751765885
0.07525601632148883,9.569018464920296,0.2117499829941252,538162791774317
-0.08038233422469895,9.590534648945146,0.08771144866149744,538162821773049
-0.12378938741119262,9.419604089633575,0.10569644655680797,538162861750995
-0.44890734678699373,9.571767922714582,-0.35478003793605006,538162891749778
-0.12815725949333617,9.779046420234874,0.6501650053418199,538162931758250
-0.229639967681535,9.78804850537618,-0.05256268888066378,538162961756918
-0.0465225034354282,9.769286479479659,-0.5900373499620876,538162991755693
0.39735828718894517,9.427014877394752,0.2786332838791805,538163031764226
-0.0033654086808211354,9.365672482155567,0.3125306026350932,538163061762823
0.026864032033897752,9.247729911645232,-0.12408222996413512,538163101771342
-0.041477582449893365,9.204596590227144,0.07916433231800267,538163131770101
0.07244695584487472,9.231467436784099,-0.0218630986315178,538163171778529
-0.15126756206173814,9.481686235005547,-0.07669199941855931,538163201777196
0.04847230342141593,9.579361069149385,0.08160071047149671,538163241755140
0.22821710784454796,9.651747870014553,0.18491245138767332,538163271753904
0.20423810048948762,9.731492871870481,0.22213069306297334,538163301752596
0.27180363768395616,9.664062075246534,0.34554508878003726,538163341761053
0.488993819784431,9.562401736522462,0.4561808656797209,538163371759821
0.24277720185706805,9.589746089885692,0.18827127826701162,538163411768380
0.2062257355260614,9.635795718814334,0.3926670582537241,538163441767034
0.345656451502054,9.642319518126424,0.46942567599881574,538163481775491
-0.040417042157316785,9.628095644625265,0.40100554153432355,538163511774274
0.239293552840806,9.542303334119595,0.5414616000671107,538163541772981
0.3079600113465631,9.602369856073249,0.22991874922709585,538163581750871
0.0821016994291977,9.684792825891693,0.21372896054030988,538163611749669
0.17254063608098624,9.576066900674334,0.46832196507440055,538163651758150
-0.013518563149286192,9.595833595747642,0.234963290215409,538163681756808
0.20444328564383077,9.620773885331444,0.336210225121026,538163721765352
0.4052370426446648,9.573217038966751,0.4504703262263562,538163751764087
-0.0584760881961754,9.63694595681271,0.1812606074400375,538163781762808
0.17292305348142548,9.547678083114572,0.27285092214710094,538163821771318
0.08634679264803409,9.41012708510674,-0.013510939931604368,538163851770076
0.05856324883202759,9.460357881090417,-0.026942888497930494,538163891778577
0.3482264871594144,9.383290483892516,0.09112316969533946,538163921777249
0.3176187785063631,9.457031815334183,0.23606260046220048,538163961755192
0.2360526145515372,9.635432663243659,0.25342654738580916,538163991753937
0.27327283649342743,9.58729935391615,0.0644281368200556,538164031762475
0.20474485915238075,9.706912176414022,0.007210677079344405,538164061761121
0.2566675525315811,9.652751695440566,0.33464276743170634,538164091759876
0.3334661476733856,9.591391871699532,0.33306848881022655,538164131768322
0.31910543074601394,9.531319052282978,0.18826986250644104,538164161767006
0.28881645727879307,9.529153216378646,0.19150970432837908,538164201775496
0.10854106809293199,9.506928191598492,0.1768241050239117,538164231774208
0.198202601767357,9.485708887626954,0.09857356159834835,538164271752121
0.30697168142994924,9.452161193759691,0.1604941118891709,538164301750799
0.1213008121560854,9.55768368115987,0.09551361456855335,538164331749665
0.021938493798263736,9.560528716934884,0.3070139319272933,538164371758106
0.10916467719168316,9.56295059251826,0.2261200019014025,538164401756804
0.035965942285090674,9.638979762869472,0.262665090371498,538164441765395
-0.035774783826656865,9.558284866213281,0.403145288726315,538164471764169
0.13151708411483565,9.581442371738259,0.2728881092022781,538164511772635
-0.03208161411831049,9.551959829729723,0.49461004903995104,538164541771323
-0.0307869423826334,9.542826445850341,0.15928424546346406,538164581749280
0.1139861059951063,9.530729647954761,0.2533144000295735,538164611778601
-0.09388856641407894,9.424696005294688,0.12122980026457329,538164641777284
-0.13953405703391641,9.540658424807289,0.1428294600491034,538164681755193
0.0006532766850879741,9.575285704876412,0.3383956408779576,538164711753976
-0.10358383724332516,9.701169411246838,0.040061526427004356,538164751762462
0.09630203681740118,9.689246613969795,0.5318051482272526,538164781761149
-0.021557028701903246,9.625034822341696,0.41746231534722394,538164821769645
-0.10733970524130805,9.453052700691353,0.1610541482767412,538164851768318
0.12974541050552857,9.278105530554342,0.15878244303455363,538164881767020
-0.03772012970461013,9.330642434563938,-0.059430646026165476,538164921775553
0.10740410661244996,9.361904309459337,0.16984364896764415,538164951774217
0.23883189807310892,9.470672279902765,0.2125633536522808,538164991752208
0.04249386335123259,9.682786199922198,0.01621200063805408,538165021750943
0.04053851743556717,9.739415019105643,0.29174339000255756,538165061759414
0.06557519832966889,9.800160417233077,0.6728145431698502,538165091758202
-0.05878768001290554,9.795723788939569,0.5121316562939706,538165121756894
-0.007739819454879613,9.712692951812732,0.32433211753570074,538165161765389
0.1362378112203952,9.593906004000575,0.31675435131240537,538165191764140
0.06219924258982507,9.460757162009985,0.20922883693302058,538165231772587
0.007782664643332704,9.323730417212545,-0.011804517408854947,538165261771293
0.023830690078163047,9.310212484240617,0.1343042369712063,538165301749307
-0.11750698497500517,9.42119365419823,0.14660562557235282,538165331778524
0.15834551921230697,9.515140866947698,0.35475929586092064,538165371756505
0.19374921222052843,9.636159877364452,0.15275089858018492,538165401755198
-0.04318099648307676,9.630850029565302,0.15292502482311432,538165431754010
0.04458028203934422,9.620989431911374,0.4611493249118506,538165471762433
-0.08170765450499569,9.60237203018187,0.01245495495962335,538165501761106
-0.06307450016038733,9.718919918581879,-0.1279379367258074,538165541769543
-0.022538351995012636,9.818577660865378,0.5539856578668876,538165571768346
-0.0838177188252219,9.811402634913499,0.24613528791291012,538165611776803
-0.17914486305124916,9.594764610041139,0.17378866549545027,538165641775471
-0.06930446289563205,9.444492660135566,0.11407773795472942,538165671774230
-0.12574869451647502,9.367103815830049,-0.10050296012367464,538165711752182
-0.13541275126721863,9.34337840391261,0.16446394044644685,538165741750889
-0.19475577719524245,9.309273306691086,-0.11567286321025572,538165781759357
-0.20697416697511412,9.54862921293857,-0.33633325674738024,538165811758126
-0.4149927668754803,9.786535803816808,0.09579014028201092,538165851766524
-0.05389557583599258,9.735846443510253,0.5685851055751954,538165881765184
-0.304,9.737,0.16,538165921773683
-0.47170532071571153,9.84396317423697,-0.149917073581639,538165951772419
-0.43246926603937735,9.85261701157386,0.4725918042224338,538165981771019
-0.4449681512109548,9.783660226710728,0.6515137471016873,538166021749057
-0.17257666033975314,9.661763514264349,0.29476519823863434,538166051778394
-0.45239428005436827,9.643017133355203,0.08106105154635755,538166091756413
-0.16394201116472393,9.604374310873451,0.17648911185903446,538166121755120
-0.0706640091258056,9.449758758337872,0.355526426999138,538166161763596
-0.33936080408395375,9.480261397255012,0.05216982541740689,538166191762380
-0.1340821513928557,9.485889890497841,0.26814090086163406,538166221761073
-0.20480569728875547,9.564902974103067,0.4117265034063111,538166261769519
-0.09781549751951835,9.60162665995286,0.3599272550928907,538166291768265
-0.1659995433948466,9.594475782165082,0.26980885969538165,538166331776731
-0.19096855746012203,9.579616696207722,0.12335381074312954,538166361775443
-0.0732871918818687,9.554111424866973,0.40212336890296785,538166401753443
-0.18113697455211733,9.524680055772967,0.3946298622343421,538166431752207
-0.1290537093305998,9.485557039097001,0.14065780621261204,538166461750914
-0.26709208966208053,9.536455491517028,-0.021531590107928527,538166501759384
-0.15611721193681113,9.458924050998336,0.37453040466725035,538166531758150
-0.052383529456843936,9.407747145693042,0.3796155680716927,538166571766615
-0.06047221059159481,9.379543276056134,0.04013963650339959,538166601765299
-0.16304895639141048,9.510632246831168,0.046538921163002574,538166641773760
-0.15289216172803652,9.515044791409235,0.6038617147670119,538166671772495
-0.02948377304503955,9.522405144915812,0.7054922410662152,538166711750376
0.04283355613090988,9.613596690491189,0.2827741555636991,538166741749073
0.159391733319258,9.545531535882175,0.08595445285031277,538166771778352
-0.0874480640727754,9.57017505342334,0.08283488872478266,538166811756227
-0.121525265751207,9.68614213443196,0.06225918729127262,538166841754938
-0.10134517466131232,9.764735342909246,0.5010292876579195,538166881763414
-0.022864362479426525,9.73564042709926,0.3942694517175193,538166911762212
-0.19854269412270473,9.73367611530428,0.4403403046010438,538166951770732
-0.04384706019816364,9.558059092985111,0.31011598511841937,538166981769376
0.024655669433337454,9.430303237525804,-0.25959689989274987,538167011768194
0.12270005419400697,9.410719188712225,-0.13041450943070892,538167051776727
-0.189701772747173,9.532815710297125,0.19404843469217858,538167081775424
-0.046414233849992756,9.37411527352993,-0.19655656731421672,538167121753285
-0.06736550050527002,9.526475399090078,-0.15916644014985556,538167151752063
-0.03637930003635019,9.499585958495564,-0.14290854812921014,538167191760530
0.06472431770902697,9.516865654120275,-0.09405020727134207,538167221759251
0.24116277390062107,9.571794176368666,0.05898792871371742,538167251758004
-0.10282307180605688,9.73760584682243,0.009727696996047846,538167291766466
0.07697603348785761,9.838054029946797,0.25333915470129637,538167321765225
0.17616366647906886,9.787165975414046,0.3960013470574302,538167361773687
0.1485361917911381,9.765277850404456,0.24596521066361074,538167391772475
0.24924174374826602,9.646166021728634,0.07154417464954596,538167431750456
0.06704438902183509,9.608813686362286,-0.07518570430094207,538167461749168
0.24415134945813105,9.477115825589419,0.21032343383498947,538167501757619
0.24782673345476933,9.454564417722526,0.1238373830920159,538167531756362
0.045820149299503836,9.466310119952777,0.030022233553192595,538167561755063
0.24589653516513824,9.618398262571686,0.24748096747447929,538167601763530
0.27561683552495875,9.6237754648094,0.1890071781196718,538167631762265
0.2276661197290255,9.55234380567078,0.265894480469586,538167671770742
0.15781137376422397,9.416500747128069,0.4318476474556671,538167701769429
0.18626712353811764,9.346041533458607,0.28601165014076846,538167741777900
0.38912020565204986,9.335788964096949,0.35384604018221594,538167771776702
0.2938557580958411,9.519410343892002,0.09758614213872122,538167801775384
0.08500704880506563,9.624640227936966,0.305126880983627,538167841753322
-0.011714350458816898,9.661649704907346,0.5167895676989731,538167871752040
0.2195270784389689,9.679747784433538,0.3029192183159347,538167911760496
0.23234018711784143,9.616152645079124,0.18348545214517578,538167941759184
-0.0792269622536635,9.558993942733482,0.40280541684944127,538167981767645
0.24461192621534292,9.45761208256737,0.4611889352556373,538168011766391
0.1967349238408749,9.507340266254612,0.27503815531318715,538168051774928
0.0408899977053428,9.499200587855785,0.3133818506966461,538168081773660
0.02137887057304931,9.510487248921715,0.420393351704285,538168111772361
-0.1331112909332551,9.65935540216288,0.3238753705609536,538168151750384
-0.02384293776326238,9.701320138143208,0.29605550853325985,538168181749068
0.17164145317375804,9.585721516630258,0.20474155219206286,538168221757548
-0.024393686925164887,9.562683609319306,0.30860843530862875,538168251756302
-0.048594902519878365,9.619268229816722,0.5257533419046425,538168291764751
0.02601039284480769,9.538195539749465,0.39604963472278704,538168321763403
0.17925556738901177,9.535338665545927,0.4192391641917887,538168351762163
0.13934629534464402,9.631626975212926,0.4035360796014817,538168391770605
0.004191596084063685,9.6229353643788,0.4247460886707948,538168421769298
0.22795621020274162,9.564650215231985,0.408795897322166,538168461777745
0.10389754575705461,9.505921919662148,0.2460610967598199,538168491776529
0.05723350917763605,9.524270204234309,0.06755885513733828,538168531754554
0.03300993694920506,9.585671296249044,0.18477082527342012,538168561753236
0.10533682062421755,9.514671033003125,0.28179363569948057,538168591752006
0.10000913042154687,9.457922026022159,0.35750425420341936,538168631760472
0.21613904287383018,9.504221103458582,0.07687059764151623,538168661759145
0.027567731592028327,9.53542501908121,0.1301294982212301,538168701767626
0.20716190821606936,9.483510263103863,0.3196870191492044,538168731766414
0.24295780595806354,9.547483392483059,0.46010686738207573,538168771774856
0.08180429595486581,9.6438339035224,0.3517477296842792,538168801773547
0.1343561558897694,9.708118603506861,0.25375788135411514,538168841751481
0.0808711068448588,9.658311853975814,0.2490726870102975,538168871750279
0.3491681328250965,9.6294901226775,0.30076693680049676,538168901748961
0.12049722469217168,9.64094023169554,0.5192541197362394,538168941757404
0.14755808628496733,9.46349357148804,0.42383792440351614,538168971756193
0.24812502312006282,9.50842336385893,0.24459765871779424,538169011764650
0.1887611115473068,9.473282235774192,0.1793714402091544,538169041763318
0.26918371238147176,9.517804834638824,0.11168270841664997,538169081771842
0.08240158623101905,9.619432428316747,0.2107271855576109,538169111770520
0.2169337637421583,9.651842078911729,0.02032278869444467,538169141769227
0.5857130568019241,9.607776020419369,0.09505614159054024,538169181777759
0.6074471960675668,9.572630949250838,0.027585046104486213,538169211776543
0.31910026649430434,9.55207241473939,0.27769205121559154,538169251754500
0.38270600728955617,9.56784271315054,0.43039047319001283,538169281753212
0.4714737295874504,9.472591986987412,0.16753228682807184,538169321761645
0.5035335264128005,9.32373900783609,0.13685260603230812,538169351760418
0.33434211192852525,9.32037423245586,-0.2202981578072504,538169391768891
0.12146800564995733,9.548715753602998,-0.07438898085204307,538169421767578
0.20797062725066284,9.74161595648593,0.20603346480011647,538169451766337
0.10819132881814102,10.009018127406343,0.21335926396622273,538169491774809
0.11074712680870868,10.005255034475654,0.3467690719325653,538169521773515
0.44126614382019996,9.833610794323643,0.4198343922401844,538169561751447
0.3273215612785091,9.703931042633082,0.6098966779080991,538169591750208
0.25238282496817754,9.497416468850103,0.24844925923946815,538169631758629
0.3076102646362587,9.391778727475982,0.14821046214158906,538169661757346
0.406152467569138,9.323555781615086,0.42736695637029126,538169691756101
0.4257191656041081,9.224559018190169,0.10156655371354018,538169731764530
0.4188157171202789,9.245862778986757,0.1804150465343694,538169761763240
0.5157954478493048,9.322075463222456,0.3136059102908971,538169801771707
0.5023031525104803,9.43528210914046,0.2051717392819715,538169831770496
0.37237823513904855,9.570437511488194,0.1365789199679368,538169871748467
0.31039493936576884,9.672806703467252,0.5034718235205534,538169901777578
0.3560675481103498,9.73666189013527,0.57008621706011,538169931776380
0.15917911993347633,9.70864858790075,0.3817953715523653,538169971754371
0.18396617272133883,9.613484984389833,0.1804217659780423,538170001753054
0.10160672172211589,9.496224164464753,0.29868010109964477,538170041761534
0.04811004846743371,9.451483279763114,0.2288838802897755,538170071760318
0.30413460505968776,9.461407210282095,-0.18491897968462645,538170111768803
0.2209174050657502,9.587927220933182,-0.39440930205835495,538170141767506
0.40062878186979295,9.506216996346739,0.2221682732312037,538170181775967
0.48303300562467916,9.438356875230973,0.10389836015380453,538170211774761
0.34440548037918867,9.599758562281256,0.11770465736565361,538170241773419
0.4417482123796967,9.669077067115264,0.47116327452899953,538170281751342
0.4644317473688559,9.740048367535298,0.11666468535800295,538170311750121
0.4795315968239788,9.688781919456332,0.12053872687484954,538170351758568
0.23461202570371598,9.513100837517356,0.1589124899576356,538170381757218
0.16675919895900884,9.711083309767046,0.1619089106109243,538170421765664
0.3875647947589025,9.630383279021924,0.5015593981820864,538170451764472
0.302554247678076,9.521250703858485,0.4826074693031266,538170481763164
0.33294160618536844,9.510509386143571,-0.0651654076817775,538170521771625
0.1074690093624196,9.48527681708685,0.06160287927451669,538170551770380
0.11856812179981598,9.476165155099633,0.3271651126657412,538170591748346
0.24599233149493388,9.593135071577636,0.3084983565319424,538170621777587
0.18987948220795328,9.667743988808708,0.5413963336524433,538170661755485
0.5811438972216516,9.550913915475828,0.14498807327730937,538170691754230
0.38514392983279794,9.478039455488965,0.26769482117985594,538170721752918
0.35464930745834433,9.544513903365502,0.8119650844501282,538170761761384
0.12989117699523156,9.536082878547496,0.8200268848636927,538170791760159
0.22132882395890968,9.531320938381386,0.36620466644432564,538170831768620
0.4005783977477115,9.481933452606436,0.5555290719892866,538170861767308
0.12617488677072208,9.517326901512085,0.5155492740406532,538170901775799
0.18415314165801075,9.478093945099864,0.6028294105056691,538170931774564
0.05186588443066614,9.513346464677745,0.540159263071939,538170971752569
0.1143376316310425,9.581689145129687,0.6258484568426305,538171001751285
0.22915897837454646,9.738022666356162,0.5723197484868542,538171031750058
0.23176596424907991,9.644958120811037,0.586035898296807,538171071758530
0.4319018782387216,9.579660859209067,0.7462588322025945,538171101757192
0.15600916517815863,9.537165494378492,0.5909084071259793,538171141765649
-0.09313354444348278,9.429608029452362,0.7203767003627358,538171171764413
0.17242063843167285,9.425161643408858,0.49168245266022775,538171211772846
0.002210105221839071,9.526345090880406,0.515230145302702,538171241771533
0.13189156488611453,9.487155012493627,0.7413998570293613,538171271770303
0.003104268243902131,9.528738067488932,0.6860493886033698,538171311748275
-0.056971836164403655,9.452060057117153,0.49870783394127044,538171341777511
0.015050566749736633,9.510089749901162,0.5354899534107965,538171381755477
-0.07349939222719724,9.647374256616537,0.7119165792467289,538171411754241
0.13727908804099684,9.628209589450242,0.8095962787290047,538171451762703
0.2989024581546618,9.61516310099504,0.71225894907586,538171481761376
0.18173011423059957,9.68721346827521,0.48372677142848086,538171521769833
0.1773442595532633,9.677844163191248,0.6396606039902365,538171551768582
0.2651134638762837,9.70762063019782,0.7980582274547502,538171581767288
0.1355964293050951,9.629117969913159,0.5968116597877607,538171621775736
0.3281917242188421,9.580387915301827,0.6430609728129214,538171651774495
0.35020874365934596,9.511821188020694,0.5627405073313626,538171691752419
0.37834774788188097,9.431469235812449,0.5637403266096068,538171721751130
0.44131084315583663,9.367789248926968,0.4670450700520651,538171761759573
0.3166569047344962,9.436740503298724,0.38263678209700336,538171791758318
0.4378146444766702,9.429021148367578,0.6316853861131282,538171821756957
0.4531889245414602,9.449650808559461,0.42974334474781845,538171861765438
0.23670941479681912,9.467733356874733,0.5773984894165276,538171891764216
0.1092671412213605,9.595635301954838,0.6810691319637635,538171931772659
0.3207561400781423,9.502468716822277,0.72881499383265,538171961771376
0.49044057203507646,9.412790854314652,0.7744346559204148,538172001749366
0.3592695134171561,9.385819318850944,0.6904040045460681,538172031778678
0.37091450962582206,9.564128715711712,0.37487285697118505,538172061777351
0.29186305157560877,9.591690342168068,0.5535395303988986,538172101755247
0.18406789379074082,9.749356045633837,0.5004585779902097,538172131753924
0.4483436134171613,9.771994161439869,0.37660918674817623,538172171762458
0.11710252840514082,9.718352416883302,0.32082194946674925,538172201761068
0.0819688563819819,9.678097430582081,0.38502862875699273,538172241769573
0.06696815454024382,9.623202792124683,0.460209960351652,538172271768357
0.0019399675689460117,9.543967125839705,0.5574442679109258,538172311776875
-0.14732537919773567,9.477941328645587,0.4138699791017387,538172341775602
0.006066161040634328,9.339440786092618,0.702823859501646,538172371774289
0.6245775164050729,9.257694974919069,0.250378884617345,538172411752284
0.39626725916035105,9.490302664773994,0.03652880109846367,538172441751015
0.3863272086086164,9.510535749522045,0.5405439027611701,538172481759476
0.38935009476376314,9.563647010799457,0.7154814734659594,538172511758275
0.41447563495698003,9.539484919475285,0.4900530542312922,538172551766716
0.16352436851575547,9.554972292542722,0.7661827029812551,538172581765419
0.5245802377408287,9.478688679328103,1.0453664188208478,538172611764222
0.29545552470382935,9.562230594276787,0.31564493448938874,538172651772703
0.09293016373318227,9.683567742791451,0.08778341094390152,538172681771381
0.05801292218876384,9.804445804660109,0.48405165355263763,538172721749308
-0.15727852061031036,9.636834575257023,0.27942847643732105,538172751778597
-0.09089813845571859,9.565876949903558,0.14544710045587486,538172791756549
-0.003433503778612154,9.405923195295188,0.6042197236395382,538172821755222
-0.002472748727531753,9.385458311388485,0.46729645376425627,538172861763597
0.3277520299284139,9.401996784919655,0.23959916862238997,538172891762400
0.5902629656958087,9.506402424812377,0.6689199191436046,538172921761088
0.38962473238294615,9.660281235845169,0.25110769774302466,538172961769554
0.35261079920068084,9.466017729067083,0.19126350594692534,538172991768309
0.49952910970812753,9.330661826263919,0.15079661560957686,538173031776784
0.13744313554608517,9.595764156499804,0.07128419514442594,538173061775525
-0.07465352770148845,9.578611828328187,0.48385032663263616,538173101753516
0.22392320456080958,9.484917198822206,0.5053704103144456,538173131752217
0.2818092870057731,9.425560972642781,0.46774215689949283,538173161750900
-0.3144700980853812,9.578486470713965,0.4573489567172049,538173201759384
0.7763944735286499,9.494022064541689,0.5069724639504782,538173231758153
0.5304036231574705,9.456254339255137,0.4684853640464882,538173271766683
-0.13762922470241826,9.418245037860633,0.5178256133230129,538173301765299
0.012255996296759079,9.393007097307969,0.9327660659224274,538173341773812
0.12209515405719888,9.53393696211232,0.37735164952879,538173371772509
0.11972970863178062,9.699513479259842,0.5022335864455085,538173401771183
0.0408361758085411,9.717291027699252,1.233704344303928,538173441749154
0.23543490154369187,9.659732405668965,0.5847102910445947,538173471778347
-0.038682345639942536,9.703389413942684,0.5249191010163182,538173511756375
-0.061652577561085255,9.622513178073465,1.0584521084254181,538173541755087
0.10393511901098469,9.608785430704197,0.8006760812188313,538173581763568
0.04960996518599838,9.652797976568934,0.7900546919930503,538173611762351
0.04494154744668089,9.578700769477228,0.7714615630745448,538173651770794
0.04290952234351963,9.56107602011923,1.0236691195464143,538173681769529
0.05289007063437308,9.464576979113092,0.7542691254723732,538173711768279
-0.07349954018890663,9.503479619192095,0.6791778710286095,538173751776740
0.30281962179507227,9.492694547819433,0.8901129714639047,538173781775408
0.1748898154746341,9.503531862518804,0.7577434109677846,538173821753318
0.09524565228062733,9.428787698832314,0.7917072684559707,538173851752091
0.1565825996750357,9.500438574737638,0.678244981571942,538173891760583
0.015299295227486269,9.516543489491518,0.7127683165567519,538173921759289
0.19692111695253528,9.5069463814342,0.6788181112983236,538173951758034
0.19880043970019703,9.505414799374181,0.5989439823453158,538173991766530
0.22618560178932734,9.463797397957748,0.8110282455609702,538174021765217
0.059974406847563486,9.468326795026583,0.7262694601444006,538174061773688
0.10882418521842374,9.360961069137113,0.4877229641272598,538174091772447
0.022352440456387717,9.462186975951113,0.4171491565464396,538174131750370
0.21966618313495953,9.531170021421094,0.8084465664279901,538174161749068
0.21986423096961066,9.564971044932255,0.7988274156019699,538174201757519
0.1145240401988484,9.61864887592483,0.6686214814643562,538174231756280
-0.012465210970530495,9.637084526269811,0.5753398349558266,538174261754976
0.05797064418882586,9.644517034399993,0.7325898052493254,538174301763438
0.06245843315714353,9.580563356101617,0.9876930545746747,538174331762197
0.12171325254914572,9.560082849096874,0.7842190195434826,538174371770664
0.0005836005912339799,9.583231616178685,0.4051815413755465,538174401769356
0.19389293461161566,9.505849638155752,0.8720306498720021,538174441777895
0.16551416069706842,9.447613124666391,0.7651262265806044,538174471776592
0.09646267626443855,9.419220594148495,0.4875315005593148,538174501775260
-0.016279349302167085,9.416310423163987,0.7774159677800327,538174541753289
0.13862016882894165,9.48203613985163,0.7464231922045209,538174571752059
0.1625784526366952,9.500729936085175,0.7547624595689582,538174611760520
0.2133141857564643,9.496665759250433,0.8070377235805832,538174641759245
0.2759943539275099,9.421695750080358,0.664326989648908,538174681767706
0.32536778374183406,9.491445752668385,0.711741649536827,538174711766467
0.34910955611199834,9.349402420671217,0.6497787967857344,538174741765144
0.12969646433508422,9.405003447450515,0.5233556822861715,538174781773601
0.18568833821164238,9.397295250957066,0.5416339005746524,538174811772385
0.21356060469452082,9.579150888964753,0.8217999230659432,538174851750260
0.31094059117314143,9.695758017195464,0.9153488872223938,538174881748943
0.06247071705213002,9.736015734132986,0.9013386370341131,538174921757380
0.21242030744711082,9.672386405395649,0.9265935634001424,538174951756180
0.2989970164609386,9.513909601629459,0.8006535606289188,538174991764646
0.13797816326374818,9.47329846678834,0.8704065808624347,538175021763343
0.14841292885798074,9.416989984661214,0.5856557762305415,538175051762126
0.17918794071101377,9.460116102998436,0.6779679781691851,538175091770563
0.053516322469932424,9.500956050758221,0.842037999325008,538175121769280
0.14441857293493532,9.519682774551379,0.9188061277385025,538175161777736
0.11654745650878198,9.532382692453563,0.6309713623918776,538175191776497
0.11721671459833591,9.523417152485976,0.6297661236184307,538175231754419
0.2789176097206841,9.467190553407876,0.7921907314870603,538175261753111
0.1262735392494447,9.536383188397629,0.6635122202246445,538175291751872
0.292285559372812,9.5335580345617,0.7274130373681854,538175331760328
0.31338714605345347,9.60692149584685,0.5010987883461544,538175361759050
0.33928954586749793,9.63357938655694,0.6051155359595425,538175401767462
0.25543547021254254,9.533626087521721,0.8817204276509563,538175431766217
0.19124985028906133,9.438515112610641,0.5768277486898022,538175471774673
0.17125266115598506,9.495528921385178,0.4398602087542055,538175501773400
0.2196274446890501,9.407321368022336,0.7846918582630419,538175531772188
0.30836874168762196,9.369581909917276,0.7831455780385975,538175571750092
0.06381928044123412,9.606994683358616,0.7264528051532291,538175601748756
0.05510761952889453,9.493854596572197,0.7389613711867435,538175641757270
0.23740062654403718,9.489314123064648,0.576527668731092,538175671755991
0.22713255093451545,9.483817389073812,0.6010280926878594,538175711764419
0.06088934512379146,9.612685145354684,0.7881494697370585,538175741763078
0.11441083301276304,9.613592651653915,0.8942405759609916,538175781771592
0.06577016310605521,9.60267977034349,0.967316511562999,538175811770357
0.16246166248375665,9.451731307973581,1.0080549688461116,538175841769073
0.012274527021919432,9.462346414054975,0.8008839612934088,538175881777548
0.23949538457518788,9.440726347741624,0.8348484090158326,538175911776328
0.0363712191341863,9.551582804711854,0.8379130618193058,538175951754357
0.36353898318725614,9.580122961176214,0.99450187771901,538175981752967
0.37295365332797087,9.628823072339316,1.0024094498651128,538176021761496
0.35325700432997054,9.563245290126925,0.9101539878364404,538176051760188
0.2511868825154621,9.463657050412063,1.0663283454989425,538176081758900
0.25882883755169844,9.45571071299663,1.03510013822165,538176121767390
0.4186758277624568,9.369216457211262,0.8158996593439648,538176151766163
0.3656283470692145,9.426231992969688,0.7620893806755484,538176191774644
0.07007559865752847,9.48086843792363,1.074204734692544,538176221773346
0.3307258450854697,9.554018293483919,0.9934410909435516,538176261751352
0.38886586645433957,9.48551630228251,0.8452436792353675,538176291750010
0.09203139887758749,9.50652405046762,0.8408439396789956,538176331758515
0.35243646018712227,9.432618302456014,0.9456511711028057,538176361757141
0.23568985450340224,9.519031919897735,0.8329059028774531,538176391755876
0.2716005503243779,9.502123979626443,0.8233776892620269,538176431764352
0.3129453498429346,9.400499760751062,0.9859282900889423,538176461763054
0.45382866587628856,9.394279603368158,0.788450316740901,538176501771511
0.26101835952180485,9.417954213859273,0.7160597461657235,538176531770303
0.3290129130609558,9.464216215567925,0.8881904919895302,538176571778698
0.048726374113702606,9.63181008907745,1.0357376785856083,538176601777405
0.15580006161921997,9.701177893979452,0.9995427138121887,538176631776155
0.24200326144571335,9.640859792767342,1.011343821971716,538176671754064
0.26148831252329,9.57909760702366,1.0381397504864407,538176701752737
0.29548810848440665,9.446448764874162,0.8518928327855579,538176741761194
0.3076400007695156,9.352551816496304,0.7415760773981994,538176771760010
0.40228279698408137,9.32210083589548,0.7454941215023028,538176811768425
0.366125497002111,9.36966288683689,0.6004560917831242,538176841767122
0.17684819271088756,9.470634825048034,0.734086221720867,538176871765880
0.3521762951382259,9.52098930346157,0.9547453117593602,538176911774351
0.5220750740951157,9.577967900867705,0.9180622228964483,538176941773058
0.36991335106915607,9.642273631767184,0.9309610411588577,538176981750958
0.3752168178604121,9.594477979200578,0.8722338577414995,538177011749789
0.16819232096032052,9.458832326296957,0.9664512118055356,538177051758216
0.40636487569799545,9.41016579064054,0.8045715547881717,538177081756885
0.24616059976343374,9.429064399280033,0.8404905339342913,538177121765356
0.21661195270140485,9.518164471997862,0.8865265409456516,538177151764102
0.1194798415700198,9.473469620589192,0.9958916686099456,538177181762818
0.08740805326459265,9.451673723826252,1.1327737807394849,538177221771284
0.225600306294161,9.507800032834338,0.9094279189224266,538177251770092
0.1716912522484115,9.540666958568925,0.8859909571185508,538177291778598
0.0833903267498401,9.512198672328143,1.0343406206385772,538177321777285
0.26785076257974516,9.5621233736869,1.034519725446494,538177361755222
0.3470322826511314,9.514272717035464,1.0609297771223534,538177391753987
0.14896425140788572,9.535914763388686,0.7645248803666549,538177421752684
0.26534837791392024,9.455349711818126,0.8777975359628933,538177461761155
0.26171633933961036,9.380506523425433,1.0424584886980124,538177491759910
0.34249581967387444,9.468161317523014,0.7724741351054697,538177531768347
0.13101841269819706,9.541126159412874,0.9128120437442983,538177561767034
0.2696262752324048,9.576181481790186,1.0031411672987485,538177601775477
0.2723869740685787,9.547442331479138,1.1114894097215318,538177631774222
0.04005410764991631,9.506854793218636,1.0506795507451019,538177671752135
0.15354199796072024,9.46503746911503,0.998344699010835,538177701750827
0.24555736005621662,9.406581871762462,0.792381190258693,538177731749606
0.10595479943849731,9.51057034344873,0.8065704072286688,538177771758082
0.25071461106892945,9.53377645946209,0.8923827049028121,538177801756799
0.16035885936774544,9.56136154397301,0.9663368755539501,538177841765289
0.19500819967778146,9.490013661854865,0.8681319030851015,538177871764044
0.1658225325752733,9.45605619193546,0.7921209519650478,538177911772519
0.013211567207240447,9.47661271895187,0.8391475079974361,538177941771217
0.14345919018900763,9.462832941512824,0.982694190714258,538177971769991
0.39191178444815106,9.473639166213959,0.7400940546223198,538178011778404
0.46175111660734447,9.482584951917413,0.8993353405839121,538178041777082
0.34844909838383575,9.516939506915419,0.8618700154621478,538178081755010
0.19636328070793713,9.518278624385125,0.7817816929881191,538178111753769
0.2637720124879627,9.516655229586668,0.6242253687504541,538178151762194
0.19990413168037913,9.464453759904412,0.9871861760434879,538178181760857
0.127925072526792,9.486183779092327,1.0103477967846133,538178211759660
0.21572266018005443,9.437918839806436,0.6489886031476535,538178251768083
0.2753499749952247,9.307512984320752,0.8121657454083142,538178281766800
0.12640964399326857,9.38833941883208,0.6624047174574013,538178321775280
0.31220146341419064,9.407755447103506,0.6780391393034308,538178351774016
0.2243060712459625,9.592270116525357,0.8570242894717073,538178391751963
0.2699718886765869,9.699876324095063,1.1412553811657504,538178421750655
0.14247372275418765,9.686751079946575,0.9531448314119734,538178461759155
0.3391930071178918,9.492775509509075,0.8355444278967303,538178491757929
0.22395312809363832,9.460655122596666,0.9362130187096733,538178521756613
0.3858779720828444,9.476738999581354,0.9479933018368935,538178561765136
0.5684586374127972,9.463642714959692,0.8838594680230606,538178591763905
0.3686288054826719,9.563994793471446,0.9108635167551664,538178631772371
0.3653641456621106,9.529508076564698,0.9817704221671567,538178661770983
0.11228834922431984,9.641812198497473,0.9361975097857501,538178701748858
0.2941328126450092,9.582401575395599,0.9881511462821837,538178731778150
0.2901003858681251,9.48667421205966,0.89748107626549,538178761776843
0.5456458945501182,9.540660795112887,0.8476660839422855,538178801754780
0.1739193052927763,9.57676571430113,0.8716189211953415,538178831753525
0.2697071324281968,9.49723446508457,0.9243760340000687,538178871762006
0.32241196994381,9.419142534577926,1.0967185116470903,538178901760732
0.3238570202568939,9.387270990518855,0.7922900320294068,538178941769194
0.029199917341670947,9.421809188376745,0.6564671518377787,538178971767939
0.2490749372740113,9.464016871090022,0.9721446963937398,538179011776372
0.14673411968175232,9.464513482423317,0.9200493234463031,538179041775073
0.27532445921231236,9.484405425758425,0.8307952224514824,538179071773867
0.08113982400778436,9.501382042458008,0.8021638171336354,538179111751838
0.18410908479409407,9.500796649601332,0.8609592308210448,538179141750535
0.2688723690297077,9.450333633527215,1.1407694112150832,538179181759031
0.3211761327852476,9.492784764600954,0.8360240478378028,538179211757819
0.24209643502291597,9.456363408571784,0.8277494262674947,538179251766308
0.1409275607148477,9.478692343673691,0.8478848313238776,538179281764996
0.22480091612965145,9.52732062793678,0.8806262818182292,538179311763751
0.05755182383436234,9.520961015989716,1.0325366437306756,538179351772213
0.24171847598189922,9.542460545084603,0.8566222305824095,538179381770919
0.10112313033748967,9.577407643184054,0.9106615283296604,538179421748819
0.35048192092725705,9.494231721266237,0.853340870440002,538179451778116
0.18371183728355736,9.500594213429052,0.8791947798227385,538179491756020
0.1125239281688675,9.511803109219453,0.9859091357767589,538179521754703
0.355386533818745,9.414119067114731,1.0280656486856683,538179551753491
0.33392717070375927,9.451872279005336,0.9775866045030009,538179591761934
0.3097118479846468,9.483436350352639,0.822907676641482,538179621760631
0.3036255217215814,9.47627502079905,0.9412539982367607,538179661769107
0.1538545624460908,9.481964211337257,0.9594017016410374,538179691767900
0.32126098515684254,9.463005138470166,0.9731458296868095,538179731776391
0.2364820003915921,9.542193364366636,0.936955408726778,538179761775064
0.18503511059986374,9.592661819491559,0.9281685880618885,538179801753015
0.4619423986114801,9.482623997983744,0.9743512639773355,538179831751809
0.20477679772323729,9.517249145587526,1.0024201448320882,538179861750501
0.4607993507238376,9.494840690098407,0.987350375034444,538179901758934
0.38687675108341707,9.519115387304065,1.1915336036508881,538179931757708
0.3675143491896142,9.523354868410296,1.0603507401513277,538179971766165
0.27649279995759085,9.581786152713919,0.932238231958561,538180001764843
0.30028487171145907,9.5360334060625,0.8692485674719727,538180041773271
0.4008403706472058,9.501382678738997,0.9043709795794282,538180071771962
0.5842203364857583,9.322077978765341,0.8917897182689858,538180101770645
0.3261727485945865,9.396086488580123,0.6933082619809973,538180141748568
0.29499358247562524,9.484600685895055,0.9224006439519788,538180171777875
0.4449233824680728,9.506910672457476,0.9918499891627807,538180211755798
0.5032195094551617,9.419651982205288,0.9189055517619666,538180241754496
0.43144138138461363,9.373023357554423,0.7828636849030588,538180281763000
0.31568018379772067,9.435875034400842,0.7029927552289095,538180311761770
0.34849348289116144,9.420775868038081,0.7988102640234079,538180341760438
0.44106898031899133,9.540927581302356,1.0011728909565158,538180381768900
0.2699855696565315,9.571049027257374,0.8891944959127203,538180411767674
0.5071110139184326,9.50574975290817,0.8004677659595368,538180451776159
0.42225827639983876,9.483051553045646,0.8479300268883836,538180481774871
0.30367123183483835,9.540217119304563,0.793669136116808,538180521752823
0.35574563776833157,9.51511175374498,0.9500685877475934,538180551751625
0.33392227986816425,9.542060645912967,1.056262223841119,538180591760077
0.4283308828552358,9.514383965176943,0.7567730625319138,538180621758779
0.23293803891882178,9.529163266422925,0.8367970267180904,538180651757554
0.519546569027394,9.390570797715794,0.909225078513651,538180691765982
0.3118600231338809,9.52055260213118,0.9548750508035408,538180721764640
0.47453316327550227,9.399335752733398,0.7688967402671927,538180761773082
0.13986795265569976,9.526217922612329,0.6553608030621056,538180791771857
0.3049828022572571,9.5685106501459,0.9786437704618771,538180831749760
0.43023306551319757,9.571794889481213,1.150881806136872,538180861748457
0.5068065141080296,9.485913978249407,0.945024572519336,538180891777741
0.3334238625447151,9.471254402483613,0.6869441533973437,538180931755713
0.1581721656203608,9.456670057442716,0.6402074183931367,538180961754396
0.32941276436632627,9.436278882840298,0.9194999447537895,538181001762833
0.36407242769176845,9.405781587121956,0.8611262100714348,538181031761608
0.40498167707749727,9.534653391442145,0.7246333943996187,538181071770059
0.2863337133773651,9.56258211428308,0.7587649013972857,538181101768762
0.2567347871431026,9.521743200963733,0.9426856192246106,538181141777207
0.25894882776999817,9.528762787162783,1.0161619050997635,538181171775977
0.24889465330584118,9.514733302866578,1.0055504279335103,538181201774688
0.307169116213784,9.557100302230518,0.6883949381552272,538181241752645
0.3184525569110379,9.471817899983817,0.9887682058154372,538181271751414
0.36747419283547605,9.505034913018637,0.8088511714633806,538181311759900
0.3742887041371114,9.409107095558213,0.8340272446139809,538181341758549
0.24188385642427332,9.465637602472231,0.8451693626517011,538181381767006
0.3900393158936592,9.433168276811045,0.9323103520852973,538181411765756
0.30337171756082143,9.477010556429537,0.8005019175314241,538181441764362
0.25306609437232297,9.494733058948208,0.8511652710172664,538181481772814
0.32582132379408885,9.54034051606202,0.9589754929582847,538181511771588
0.24981645441167485,9.552244014179285,1.098265031229926,538181551749616
0.43980534156924855,9.516587622816347,0.9812193555775208,538181581748251
0.2912884185255057,9.584221042857724,0.7506259993638108,538181621756723
0.21765628587871388,9.550651845190913,1.028663401736643,538181651755492
0.27117101877027333,9.529118603346744,0.9573578804423091,538181681754185
0.3252803966208009,9.452682921368531,0.8450480669380595,538181721762660
0.2694117748858755,9.445348546093852,0.797193174574063,538181751761438
0.40427413453114625,9.451906026299966,0.9158843770250907,538181791769890
0.3598450291363488,9.470717006945842,0.9113002391452669,538181821768544
0.2793064298623383,9.404784480914422,0.8632246332016921,538181861777010
0.33191493255805404,9.43398173858382,0.8214809475149157,538181891775765
0.27948883740183245,9.530188027484455,0.8401338829598243,538181931753655
0.4022749154885386,9.479855745175511,0.8395890644579537,538181961752342
0.4302498056932239,9.515215632739997,1.0208663597293905,538181991751112
0.3294933085195669,9.550170407488174,0.8985377941619054,538182031759607
0.27902939778607866,9.473650623196825,0.7959873364592659,538182061758290
0.3127800533989895,9.494633038297849,0.8723606522918088,538182101766718
0.3044227953285325,9.43222967885939,0.9490101927097564,538182131765492
0.4119092733799985,9.44134554974309,0.9984260640034622,538182171773968
0.4271698811005482,9.434531321327869,0.8904001120036151,538182201772655
0.13328236317725567,9.578106025206406,0.9915733298549162,538182231771367
0.3302794856699947,9.582098205109876,1.1787134349483395,538182271749381
0.350547642350748,9.524995809064675,1.0675198080530819,538182301778587
0.2408699381233024,9.44711054507311,1.0035405341208639,538182341756602
0.31258262309096546,9.436073437268684,0.9402262436548376,538182371755294
0.22695098758605517,9.411330590528175,1.056283553946339,538182411763780
0.37319676968982884,9.505990200527734,1.1696730947136933,538182441762481
0.35599731757663317,9.528920828821509,0.9065069509530215,538182481770905
0.3771402577085443,9.523329445974403,0.9588790524736424,538182511769659
0.2599349054229979,9.469892598370835,1.1370242194423386,538182541768361
0.41541177649954464,9.437896098822742,1.0821212270444478,538182581776813
0.2687343527383685,9.44596330712172,1.0260339107021714,538182611775587
0.18343056534722296,9.497740300425008,0.8948676035529879,538182651753483
0.3687423473276675,9.482503286846638,1.090857125061733,538182681752146
0.47133960788682644,9.485112720497531,1.1382522795940362,538182721760661
0.32828052309047234,9.445843916222838,0.8621507372090202,538182751759429
0.3465033335530773,9.446607133512108,1.0033376113839132,538182781758117
0.41228040844142855,9.428217386904395,1.1226495522353925,538182821766588
0.22960021258595484,9.451373480683147,0.9590894326625793,538182851765251
0.3316821780471874,9.454381025022142,0.9425776367885788,538182891773718
0.28233954197246225,9.420870324096434,1.0611921192797382,538182921772482
0.45653437392372404,9.411313917607032,0.7847977332090201,538182961750362
0.3255708676484321,9.477472904559804,1.0314021858431641,538182991749064
0.31316831852939975,9.506015463578986,1.1455704151022537,538183021778285
0.37309421308072915,9.5235227227981,0.9728688390627411,538183061756308
0.34837097383790727,9.511463130162916,1.1726339092706626,538183091755010
0.3777633376140554,9.470966876162086,1.078527946812643,538183131763491
0.3128083517055277,9.483173987529042,0.9807631496775586,538183161762251
0.4427494985221085,9.388892423577596,0.9700440337404398,538183201770751
0.288670441428212,9.495214902660326,1.0928733130150292,538183231769462
0.26979649042746284,9.469966176604288,0.9570171551117083,538183271777934
0.3975471431362722,9.503401158036798,1.1107506886445162,538183301776631
0.19671449489286963,9.505835261062343,0.9925413067923313,538183331775409
0.3078600384111962,9.425735840825563,1.1108192609489247,538183371753323
0.32948074950392775,9.424708999978835,1.0511846888717251,538183401752035
0.15468913208017723,9.507007144811181,1.0163705532973928,538183441760482
0.2755315244156057,9.496055936026965,1.0421736870773315,538183471759236
0.2976773381134183,9.477282601959804,1.0661867261167504,538183511767688
0.33779010069488036,9.471461359971695,1.0558827244327607,538183541766367
0.38950448722380676,9.458761654021119,1.0285827786941653,538183571765040
0.32104614474092164,9.498317604380983,1.0495638942071472,538183611773545
0.3402120806551361,9.36784604619016,1.0489354051172906,538183641772242
0.4273260472026629,9.47025238913972,1.025412725400472,538183681750194
0.3964426695534553,9.430995050689262,1.0056450194966853,538183704913040
0.2196190764617778,9.520859426112727,0.9802098116132174,538183768009237
0.3419495107314646,9.439500420986375,1.1289182933044297,538183789019323
0.41400000000000003,9.514,1.23,538183828997289
